{
  "nLLP_original": 4000,
  "nLLP_original_weighted": 0.00020997197200000006,
  "nLLP_LLPdecay": 4000,
  "nLLP_LLPdecay_weighted": 0.00020997197200000006,
  "nLLP_InCavern": 2871,
  "nLLP_InCavern_weighted": 0.00015070738290300003,
  "nLLP_NotInATLAS": 383,
  "nLLP_NotInATLAS_weighted": 2.0104816319000006e-05,
  "nLLP_Geometry": 42,
  "nLLP_Geometry_weighted": 2.204705706e-06,
  "nLLP_Tracker": 42,
  "nLLP_Tracker_weighted": 2.204705706e-06,
  "nLLP_MET": 38,
  "nLLP_MET_weighted": 1.994733734e-06,
  "nLLP_IsoJet": 34,
  "nLLP_IsoJet_weighted": 1.7847617620000003e-06,
  "nLLP_IsoCharged": 38,
  "nLLP_IsoCharged_weighted": 1.994733734e-06,
  "nLLP_IsoAll": 34,
  "nLLP_IsoAll_weighted": 1.7847617620000003e-06,
  "nLLP_partners": 2,
  "nLLP_partners_weighted": 1.0498598600000001e-07
}