{
  "nLLP_original": 3856,
  "nLLP_original_weighted": 0.000280310462432,
  "nLLP_LLPdecay": 3856,
  "nLLP_LLPdecay_weighted": 0.000280310462432,
  "nLLP_InCavern": 2196,
  "nLLP_InCavern_weighted": 0.000159637389912,
  "nLLP_NotInATLAS": 623,
  "nLLP_NotInATLAS_weighted": 4.5288749506e-05,
  "nLLP_Geometry": 113,
  "nLLP_Geometry_weighted": 8.214492286000001e-06,
  "nLLP_Tracker": 113,
  "nLLP_Tracker_weighted": 8.214492286000001e-06,
  "nLLP_MET": 59,
  "nLLP_MET_weighted": 4.2889826980000005e-06,
  "nLLP_IsoJet": 44,
  "nLLP_IsoJet_weighted": 3.1985633679999994e-06,
  "nLLP_IsoCharged": 58,
  "nLLP_IsoCharged_weighted": 4.216288076e-06,
  "nLLP_IsoAll": 44,
  "nLLP_IsoAll_weighted": 3.1985633679999994e-06,
  "nLLP_partners": 0,
  "nLLP_partners_weighted": 0.0
}