{
  "nLLP_original": 4000,
  "nLLP_original_weighted": 0.00012436711199999997,
  "nLLP_LLPdecay": 4000,
  "nLLP_LLPdecay_weighted": 0.00012436711199999997,
  "nLLP_InCavern": 825,
  "nLLP_InCavern_weighted": 2.5650716849999994e-05,
  "nLLP_NotInATLAS": 381,
  "nLLP_NotInATLAS_weighted": 1.1845967417999997e-05,
  "nLLP_Geometry": 103,
  "nLLP_Geometry_weighted": 3.2024531339999994e-06,
  "nLLP_Tracker": 20,
  "nLLP_Tracker_weighted": 6.218355600000002e-07,
  "nLLP_MET": 10,
  "nLLP_MET_weighted": 3.1091778e-07,
  "nLLP_IsoJet": 9,
  "nLLP_IsoJet_weighted": 2.79826002e-07,
  "nLLP_IsoCharged": 10,
  "nLLP_IsoCharged_weighted": 3.1091778e-07,
  "nLLP_IsoAll": 9,
  "nLLP_IsoAll_weighted": 2.79826002e-07,
  "nLLP_partners": 0,
  "nLLP_partners_weighted": 0.0
}