{
  "nLLP_original": 4000,
  "nLLP_original_weighted": 0.00021624659600000007,
  "nLLP_LLPdecay": 4000,
  "nLLP_LLPdecay_weighted": 0.00021624659600000007,
  "nLLP_InCavern": 3147,
  "nLLP_InCavern_weighted": 0.00017013200940300006,
  "nLLP_NotInATLAS": 573,
  "nLLP_NotInATLAS_weighted": 3.0977324877e-05,
  "nLLP_Geometry": 100,
  "nLLP_Geometry_weighted": 5.406164900000002e-06,
  "nLLP_Tracker": 100,
  "nLLP_Tracker_weighted": 5.406164900000002e-06,
  "nLLP_MET": 60,
  "nLLP_MET_weighted": 3.2436989400000008e-06,
  "nLLP_IsoJet": 50,
  "nLLP_IsoJet_weighted": 2.7030824500000005e-06,
  "nLLP_IsoCharged": 60,
  "nLLP_IsoCharged_weighted": 3.2436989400000008e-06,
  "nLLP_IsoAll": 50,
  "nLLP_IsoAll_weighted": 2.7030824500000005e-06,
  "nLLP_partners": 0,
  "nLLP_partners_weighted": 0.0
}