{
  "nLLP_original": 4000,
  "nLLP_original_weighted": 0.00029180731200000005,
  "nLLP_LLPdecay": 4000,
  "nLLP_LLPdecay_weighted": 0.00029180731200000005,
  "nLLP_InCavern": 50,
  "nLLP_InCavern_weighted": 3.6475914e-06,
  "nLLP_NotInATLAS": 25,
  "nLLP_NotInATLAS_weighted": 1.8237957e-06,
  "nLLP_Geometry": 6,
  "nLLP_Geometry_weighted": 4.37710968e-07,
  "nLLP_Tracker": 6,
  "nLLP_Tracker_weighted": 4.37710968e-07,
  "nLLP_MET": 3,
  "nLLP_MET_weighted": 2.1885548400000002e-07,
  "nLLP_IsoJet": 2,
  "nLLP_IsoJet_weighted": 1.45903656e-07,
  "nLLP_IsoCharged": 3,
  "nLLP_IsoCharged_weighted": 2.1885548400000002e-07,
  "nLLP_IsoAll": 2,
  "nLLP_IsoAll_weighted": 1.45903656e-07,
  "nLLP_partners": 0,
  "nLLP_partners_weighted": 0.0
}