{
  "nLLP_original": 4000,
  "nLLP_original_weighted": 0.00023390438799999992,
  "nLLP_LLPdecay": 4000,
  "nLLP_LLPdecay_weighted": 0.00023390438799999992,
  "nLLP_InCavern": 206,
  "nLLP_InCavern_weighted": 1.2046075982e-05,
  "nLLP_NotInATLAS": 108,
  "nLLP_NotInATLAS_weighted": 6.315418476e-06,
  "nLLP_Geometry": 25,
  "nLLP_Geometry_weighted": 1.4619024250000001e-06,
  "nLLP_Tracker": 25,
  "nLLP_Tracker_weighted": 1.4619024250000001e-06,
  "nLLP_MET": 9,
  "nLLP_MET_weighted": 5.26284873e-07,
  "nLLP_IsoJet": 7,
  "nLLP_IsoJet_weighted": 4.0933267900000006e-07,
  "nLLP_IsoCharged": 9,
  "nLLP_IsoCharged_weighted": 5.26284873e-07,
  "nLLP_IsoAll": 7,
  "nLLP_IsoAll_weighted": 4.0933267900000006e-07,
  "nLLP_partners": 0,
  "nLLP_partners_weighted": 0.0
}