{
  "nLLP_original": 4000,
  "nLLP_original_weighted": 0.0002590828480000001,
  "nLLP_LLPdecay": 4000,
  "nLLP_LLPdecay_weighted": 0.0002590828480000001,
  "nLLP_InCavern": 3786,
  "nLLP_InCavern_weighted": 0.0002452219156320001,
  "nLLP_NotInATLAS": 122,
  "nLLP_NotInATLAS_weighted": 7.902026864000002e-06,
  "nLLP_Geometry": 18,
  "nLLP_Geometry_weighted": 1.1658728160000004e-06,
  "nLLP_Tracker": 18,
  "nLLP_Tracker_weighted": 1.1658728160000004e-06,
  "nLLP_MET": 17,
  "nLLP_MET_weighted": 1.1011021040000004e-06,
  "nLLP_IsoJet": 17,
  "nLLP_IsoJet_weighted": 1.1011021040000004e-06,
  "nLLP_IsoCharged": 17,
  "nLLP_IsoCharged_weighted": 1.1011021040000004e-06,
  "nLLP_IsoAll": 17,
  "nLLP_IsoAll_weighted": 1.1011021040000004e-06,
  "nLLP_partners": 2,
  "nLLP_partners_weighted": 1.2954142400000004e-07
}