{
  "nLLP_original": 3786,
  "nLLP_original_weighted": 0.00027497190988799995,
  "nLLP_LLPdecay": 3786,
  "nLLP_LLPdecay_weighted": 0.00027497190988799995,
  "nLLP_InCavern": 59,
  "nLLP_InCavern_weighted": 4.2850878720000024e-06,
  "nLLP_NotInATLAS": 24,
  "nLLP_NotInATLAS_weighted": 1.7430865920000004e-06,
  "nLLP_Geometry": 5,
  "nLLP_Geometry_weighted": 3.631430400000001e-07,
  "nLLP_Tracker": 5,
  "nLLP_Tracker_weighted": 3.631430400000001e-07,
  "nLLP_MET": 3,
  "nLLP_MET_weighted": 2.1788582400000005e-07,
  "nLLP_IsoJet": 3,
  "nLLP_IsoJet_weighted": 2.1788582400000005e-07,
  "nLLP_IsoCharged": 3,
  "nLLP_IsoCharged_weighted": 2.1788582400000005e-07,
  "nLLP_IsoAll": 3,
  "nLLP_IsoAll_weighted": 2.1788582400000005e-07,
  "nLLP_partners": 0,
  "nLLP_partners_weighted": 0.0
}