{
  "nLLP_original": 4000,
  "nLLP_original_weighted": 0.00021090346799999994,
  "nLLP_LLPdecay": 4000,
  "nLLP_LLPdecay_weighted": 0.00021090346799999994,
  "nLLP_InCavern": 92,
  "nLLP_InCavern_weighted": 4.850779764000001e-06,
  "nLLP_NotInATLAS": 37,
  "nLLP_NotInATLAS_weighted": 1.9508570790000005e-06,
  "nLLP_Geometry": 6,
  "nLLP_Geometry_weighted": 3.16355202e-07,
  "nLLP_Tracker": 6,
  "nLLP_Tracker_weighted": 3.16355202e-07,
  "nLLP_MET": 4,
  "nLLP_MET_weighted": 2.1090346800000002e-07,
  "nLLP_IsoJet": 3,
  "nLLP_IsoJet_weighted": 1.58177601e-07,
  "nLLP_IsoCharged": 4,
  "nLLP_IsoCharged_weighted": 2.1090346800000002e-07,
  "nLLP_IsoAll": 3,
  "nLLP_IsoAll_weighted": 1.58177601e-07,
  "nLLP_partners": 0,
  "nLLP_partners_weighted": 0.0
}