{
  "nLLP_original": 4000,
  "nLLP_original_weighted": 0.0002590828480000001,
  "nLLP_LLPdecay": 4000,
  "nLLP_LLPdecay_weighted": 0.0002590828480000001,
  "nLLP_InCavern": 1888,
  "nLLP_InCavern_weighted": 0.00012228710425600005,
  "nLLP_NotInATLAS": 595,
  "nLLP_NotInATLAS_weighted": 3.853857364000001e-05,
  "nLLP_Geometry": 118,
  "nLLP_Geometry_weighted": 7.642944016000005e-06,
  "nLLP_Tracker": 118,
  "nLLP_Tracker_weighted": 7.642944016000005e-06,
  "nLLP_MET": 62,
  "nLLP_MET_weighted": 4.0157841440000015e-06,
  "nLLP_IsoJet": 53,
  "nLLP_IsoJet_weighted": 3.432847736e-06,
  "nLLP_IsoCharged": 62,
  "nLLP_IsoCharged_weighted": 4.0157841440000015e-06,
  "nLLP_IsoAll": 53,
  "nLLP_IsoAll_weighted": 3.432847736e-06,
  "nLLP_partners": 2,
  "nLLP_partners_weighted": 1.2954142400000004e-07
}