{
  "nLLP_original": 4000,
  "nLLP_original_weighted": 0.0002329944080000001,
  "nLLP_LLPdecay": 4000,
  "nLLP_LLPdecay_weighted": 0.0002329944080000001,
  "nLLP_InCavern": 18,
  "nLLP_InCavern_weighted": 1.0484748360000002e-06,
  "nLLP_NotInATLAS": 9,
  "nLLP_NotInATLAS_weighted": 5.242374180000001e-07,
  "nLLP_Geometry": 2,
  "nLLP_Geometry_weighted": 1.1649720400000001e-07,
  "nLLP_Tracker": 2,
  "nLLP_Tracker_weighted": 1.1649720400000001e-07,
  "nLLP_MET": 1,
  "nLLP_MET_weighted": 5.8248602000000006e-08,
  "nLLP_IsoJet": 1,
  "nLLP_IsoJet_weighted": 5.8248602000000006e-08,
  "nLLP_IsoCharged": 1,
  "nLLP_IsoCharged_weighted": 5.8248602000000006e-08,
  "nLLP_IsoAll": 1,
  "nLLP_IsoAll_weighted": 5.8248602000000006e-08,
  "nLLP_partners": 0,
  "nLLP_partners_weighted": 0.0
}