{
  "nLLP_original": 4000,
  "nLLP_original_weighted": 0.000215637204,
  "nLLP_LLPdecay": 4000,
  "nLLP_LLPdecay_weighted": 0.000215637204,
  "nLLP_InCavern": 101,
  "nLLP_InCavern_weighted": 5.444839401000001e-06,
  "nLLP_NotInATLAS": 48,
  "nLLP_NotInATLAS_weighted": 2.5876464480000004e-06,
  "nLLP_Geometry": 16,
  "nLLP_Geometry_weighted": 8.625488160000002e-07,
  "nLLP_Tracker": 16,
  "nLLP_Tracker_weighted": 8.625488160000002e-07,
  "nLLP_MET": 8,
  "nLLP_MET_weighted": 4.312744080000001e-07,
  "nLLP_IsoJet": 6,
  "nLLP_IsoJet_weighted": 3.2345580600000005e-07,
  "nLLP_IsoCharged": 8,
  "nLLP_IsoCharged_weighted": 4.312744080000001e-07,
  "nLLP_IsoAll": 6,
  "nLLP_IsoAll_weighted": 3.2345580600000005e-07,
  "nLLP_partners": 0,
  "nLLP_partners_weighted": 0.0
}