{
  "nLLP_original": 226,
  "nLLP_original_weighted": 1.2183502026e-05,
  "nLLP_LLPdecay": 226,
  "nLLP_LLPdecay_weighted": 1.2183502026e-05,
  "nLLP_InCavern": 46,
  "nLLP_InCavern_weighted": 2.4798278460000017e-06,
  "nLLP_NotInATLAS": 21,
  "nLLP_NotInATLAS_weighted": 1.1320953210000002e-06,
  "nLLP_Geometry": 7,
  "nLLP_Geometry_weighted": 3.7736510700000004e-07,
  "nLLP_Tracker": 7,
  "nLLP_Tracker_weighted": 3.7736510700000004e-07,
  "nLLP_MET": 4,
  "nLLP_MET_weighted": 2.1563720400000004e-07,
  "nLLP_IsoJet": 3,
  "nLLP_IsoJet_weighted": 1.6172790300000002e-07,
  "nLLP_IsoCharged": 4,
  "nLLP_IsoCharged_weighted": 2.1563720400000004e-07,
  "nLLP_IsoAll": 3,
  "nLLP_IsoAll_weighted": 1.6172790300000002e-07,
  "nLLP_partners": 0,
  "nLLP_partners_weighted": 0.0
}