{
  "nLLP_original": 4000,
  "nLLP_original_weighted": 0.00025918148000000007,
  "nLLP_LLPdecay": 4000,
  "nLLP_LLPdecay_weighted": 0.00025918148000000007,
  "nLLP_InCavern": 302,
  "nLLP_InCavern_weighted": 1.956820174e-05,
  "nLLP_NotInATLAS": 133,
  "nLLP_NotInATLAS_weighted": 8.617784209999998e-06,
  "nLLP_Geometry": 20,
  "nLLP_Geometry_weighted": 1.2959073999999997e-06,
  "nLLP_Tracker": 20,
  "nLLP_Tracker_weighted": 1.2959073999999997e-06,
  "nLLP_MET": 13,
  "nLLP_MET_weighted": 8.423398100000002e-07,
  "nLLP_IsoJet": 10,
  "nLLP_IsoJet_weighted": 6.479537000000001e-07,
  "nLLP_IsoCharged": 13,
  "nLLP_IsoCharged_weighted": 8.423398100000002e-07,
  "nLLP_IsoAll": 10,
  "nLLP_IsoAll_weighted": 6.479537000000001e-07,
  "nLLP_partners": 0,
  "nLLP_partners_weighted": 0.0
}