{
  "nLLP_original": 4000,
  "nLLP_original_weighted": 0.00030962465199999993,
  "nLLP_LLPdecay": 4000,
  "nLLP_LLPdecay_weighted": 0.00030962465199999993,
  "nLLP_InCavern": 3910,
  "nLLP_InCavern_weighted": 0.00030265809732999994,
  "nLLP_NotInATLAS": 52,
  "nLLP_NotInATLAS_weighted": 4.025120476e-06,
  "nLLP_Geometry": 4,
  "nLLP_Geometry_weighted": 3.09624652e-07,
  "nLLP_Tracker": 4,
  "nLLP_Tracker_weighted": 3.09624652e-07,
  "nLLP_MET": 4,
  "nLLP_MET_weighted": 3.09624652e-07,
  "nLLP_IsoJet": 4,
  "nLLP_IsoJet_weighted": 3.09624652e-07,
  "nLLP_IsoCharged": 4,
  "nLLP_IsoCharged_weighted": 3.09624652e-07,
  "nLLP_IsoAll": 4,
  "nLLP_IsoAll_weighted": 3.09624652e-07,
  "nLLP_partners": 0,
  "nLLP_partners_weighted": 0.0
}