{
  "nLLP_original": 4000,
  "nLLP_original_weighted": 0.00023296348799999993,
  "nLLP_LLPdecay": 4000,
  "nLLP_LLPdecay_weighted": 0.00023296348799999993,
  "nLLP_InCavern": 182,
  "nLLP_InCavern_weighted": 1.0599838703999998e-05,
  "nLLP_NotInATLAS": 84,
  "nLLP_NotInATLAS_weighted": 4.892233247999999e-06,
  "nLLP_Geometry": 32,
  "nLLP_Geometry_weighted": 1.8637079040000001e-06,
  "nLLP_Tracker": 32,
  "nLLP_Tracker_weighted": 1.8637079040000001e-06,
  "nLLP_MET": 17,
  "nLLP_MET_weighted": 9.900948240000001e-07,
  "nLLP_IsoJet": 11,
  "nLLP_IsoJet_weighted": 6.40649592e-07,
  "nLLP_IsoCharged": 17,
  "nLLP_IsoCharged_weighted": 9.900948240000001e-07,
  "nLLP_IsoAll": 11,
  "nLLP_IsoAll_weighted": 6.40649592e-07,
  "nLLP_partners": 0,
  "nLLP_partners_weighted": 0.0
}