{
  "nLLP_original": 3080,
  "nLLP_original_weighted": 0.00016167841844000005,
  "nLLP_LLPdecay": 3080,
  "nLLP_LLPdecay_weighted": 0.00016167841844000005,
  "nLLP_InCavern": 76,
  "nLLP_InCavern_weighted": 3.9894674680000015e-06,
  "nLLP_NotInATLAS": 28,
  "nLLP_NotInATLAS_weighted": 1.4698038040000001e-06,
  "nLLP_Geometry": 8,
  "nLLP_Geometry_weighted": 4.1994394400000005e-07,
  "nLLP_Tracker": 8,
  "nLLP_Tracker_weighted": 4.1994394400000005e-07,
  "nLLP_MET": 2,
  "nLLP_MET_weighted": 1.0498598600000001e-07,
  "nLLP_IsoJet": 2,
  "nLLP_IsoJet_weighted": 1.0498598600000001e-07,
  "nLLP_IsoCharged": 2,
  "nLLP_IsoCharged_weighted": 1.0498598600000001e-07,
  "nLLP_IsoAll": 2,
  "nLLP_IsoAll_weighted": 1.0498598600000001e-07,
  "nLLP_partners": 0,
  "nLLP_partners_weighted": 0.0
}