{
  "nLLP_original": 4000,
  "nLLP_original_weighted": 0.00025918148000000007,
  "nLLP_LLPdecay": 4000,
  "nLLP_LLPdecay_weighted": 0.00025918148000000007,
  "nLLP_InCavern": 3783,
  "nLLP_InCavern_weighted": 0.00024512088471,
  "nLLP_NotInATLAS": 144,
  "nLLP_NotInATLAS_weighted": 9.33053328e-06,
  "nLLP_Geometry": 14,
  "nLLP_Geometry_weighted": 9.071351800000002e-07,
  "nLLP_Tracker": 14,
  "nLLP_Tracker_weighted": 9.071351800000002e-07,
  "nLLP_MET": 12,
  "nLLP_MET_weighted": 7.775444400000001e-07,
  "nLLP_IsoJet": 10,
  "nLLP_IsoJet_weighted": 6.479537000000001e-07,
  "nLLP_IsoCharged": 12,
  "nLLP_IsoCharged_weighted": 7.775444400000001e-07,
  "nLLP_IsoAll": 10,
  "nLLP_IsoAll_weighted": 6.479537000000001e-07,
  "nLLP_partners": 2,
  "nLLP_partners_weighted": 1.2959074e-07
}