{
  "nLLP_original": 3590,
  "nLLP_original_weighted": 0.00026097369298000005,
  "nLLP_LLPdecay": 3590,
  "nLLP_LLPdecay_weighted": 0.00026097369298000005,
  "nLLP_InCavern": 3446,
  "nLLP_InCavern_weighted": 0.00025050566741200006,
  "nLLP_NotInATLAS": 72,
  "nLLP_NotInATLAS_weighted": 5.234012784e-06,
  "nLLP_Geometry": 5,
  "nLLP_Geometry_weighted": 3.6347310999999996e-07,
  "nLLP_Tracker": 5,
  "nLLP_Tracker_weighted": 3.6347310999999996e-07,
  "nLLP_MET": 5,
  "nLLP_MET_weighted": 3.6347310999999996e-07,
  "nLLP_IsoJet": 5,
  "nLLP_IsoJet_weighted": 3.6347310999999996e-07,
  "nLLP_IsoCharged": 5,
  "nLLP_IsoCharged_weighted": 3.6347310999999996e-07,
  "nLLP_IsoAll": 5,
  "nLLP_IsoAll_weighted": 3.6347310999999996e-07,
  "nLLP_partners": 0,
  "nLLP_partners_weighted": 0.0
}