{
  "nLLP_original": 4000,
  "nLLP_original_weighted": 0.0002586495680000001,
  "nLLP_LLPdecay": 4000,
  "nLLP_LLPdecay_weighted": 0.0002586495680000001,
  "nLLP_InCavern": 4,
  "nLLP_InCavern_weighted": 2.586495680000001e-07,
  "nLLP_NotInATLAS": 2,
  "nLLP_NotInATLAS_weighted": 1.2932478400000004e-07,
  "nLLP_Geometry": 1,
  "nLLP_Geometry_weighted": 6.466239200000002e-08,
  "nLLP_Tracker": 1,
  "nLLP_Tracker_weighted": 6.466239200000002e-08,
  "nLLP_MET": 1,
  "nLLP_MET_weighted": 6.466239200000002e-08,
  "nLLP_IsoJet": 0,
  "nLLP_IsoJet_weighted": 0.0,
  "nLLP_IsoCharged": 1,
  "nLLP_IsoCharged_weighted": 6.466239200000002e-08,
  "nLLP_IsoAll": 0,
  "nLLP_IsoAll_weighted": 0.0,
  "nLLP_partners": 0,
  "nLLP_partners_weighted": 0.0
}