{
  "nLLP_original": 4000,
  "nLLP_original_weighted": 0.00023282334000000005,
  "nLLP_LLPdecay": 4000,
  "nLLP_LLPdecay_weighted": 0.00023282334000000005,
  "nLLP_InCavern": 1393,
  "nLLP_InCavern_weighted": 8.1080728155e-05,
  "nLLP_NotInATLAS": 499,
  "nLLP_NotInATLAS_weighted": 2.9044711665000007e-05,
  "nLLP_Geometry": 102,
  "nLLP_Geometry_weighted": 5.93699517e-06,
  "nLLP_Tracker": 102,
  "nLLP_Tracker_weighted": 5.93699517e-06,
  "nLLP_MET": 45,
  "nLLP_MET_weighted": 2.6192625749999995e-06,
  "nLLP_IsoJet": 33,
  "nLLP_IsoJet_weighted": 1.920792555e-06,
  "nLLP_IsoCharged": 45,
  "nLLP_IsoCharged_weighted": 2.6192625749999995e-06,
  "nLLP_IsoAll": 33,
  "nLLP_IsoAll_weighted": 1.920792555e-06,
  "nLLP_partners": 0,
  "nLLP_partners_weighted": 0.0
}