{
  "nLLP_original": 2714,
  "nLLP_original_weighted": 8.438308549199998e-05,
  "nLLP_LLPdecay": 2714,
  "nLLP_LLPdecay_weighted": 8.438308549199998e-05,
  "nLLP_InCavern": 571,
  "nLLP_InCavern_weighted": 1.7753405237999994e-05,
  "nLLP_NotInATLAS": 264,
  "nLLP_NotInATLAS_weighted": 8.208229391999997e-06,
  "nLLP_Geometry": 76,
  "nLLP_Geometry_weighted": 2.3629751279999996e-06,
  "nLLP_Tracker": 14,
  "nLLP_Tracker_weighted": 4.352848919999999e-07,
  "nLLP_MET": 9,
  "nLLP_MET_weighted": 2.79826002e-07,
  "nLLP_IsoJet": 8,
  "nLLP_IsoJet_weighted": 2.48734224e-07,
  "nLLP_IsoCharged": 9,
  "nLLP_IsoCharged_weighted": 2.79826002e-07,
  "nLLP_IsoAll": 8,
  "nLLP_IsoAll_weighted": 2.48734224e-07,
  "nLLP_partners": 0,
  "nLLP_partners_weighted": 0.0
}