{
  "nLLP_original": 4000,
  "nLLP_original_weighted": 0.00025910496000000003,
  "nLLP_LLPdecay": 4000,
  "nLLP_LLPdecay_weighted": 0.00025910496000000003,
  "nLLP_InCavern": 1939,
  "nLLP_InCavern_weighted": 0.00012560112936,
  "nLLP_NotInATLAS": 671,
  "nLLP_NotInATLAS_weighted": 4.3464857040000006e-05,
  "nLLP_Geometry": 123,
  "nLLP_Geometry_weighted": 7.967477520000001e-06,
  "nLLP_Tracker": 123,
  "nLLP_Tracker_weighted": 7.967477520000001e-06,
  "nLLP_MET": 71,
  "nLLP_MET_weighted": 4.5991130400000004e-06,
  "nLLP_IsoJet": 55,
  "nLLP_IsoJet_weighted": 3.5626932e-06,
  "nLLP_IsoCharged": 70,
  "nLLP_IsoCharged_weighted": 4.5343368000000004e-06,
  "nLLP_IsoAll": 55,
  "nLLP_IsoAll_weighted": 3.5626932e-06,
  "nLLP_partners": 0,
  "nLLP_partners_weighted": 0.0
}