{
  "nLLP_original": 2980,
  "nLLP_original_weighted": 0.00023141667098000004,
  "nLLP_LLPdecay": 2980,
  "nLLP_LLPdecay_weighted": 0.00023141667098000004,
  "nLLP_InCavern": 2933,
  "nLLP_InCavern_weighted": 0.00022776681073300006,
  "nLLP_NotInATLAS": 36,
  "nLLP_NotInATLAS_weighted": 2.7956376360000005e-06,
  "nLLP_Geometry": 1,
  "nLLP_Geometry_weighted": 7.7656601e-08,
  "nLLP_Tracker": 1,
  "nLLP_Tracker_weighted": 7.7656601e-08,
  "nLLP_MET": 1,
  "nLLP_MET_weighted": 7.7656601e-08,
  "nLLP_IsoJet": 1,
  "nLLP_IsoJet_weighted": 7.7656601e-08,
  "nLLP_IsoCharged": 1,
  "nLLP_IsoCharged_weighted": 7.7656601e-08,
  "nLLP_IsoAll": 1,
  "nLLP_IsoAll_weighted": 7.7656601e-08,
  "nLLP_partners": 0,
  "nLLP_partners_weighted": 0.0
}