{
  "nLLP_original": 4000,
  "nLLP_original_weighted": 0.000215637204,
  "nLLP_LLPdecay": 4000,
  "nLLP_LLPdecay_weighted": 0.000215637204,
  "nLLP_InCavern": 12,
  "nLLP_InCavern_weighted": 6.469116120000001e-07,
  "nLLP_NotInATLAS": 7,
  "nLLP_NotInATLAS_weighted": 3.7736510700000004e-07,
  "nLLP_Geometry": 2,
  "nLLP_Geometry_weighted": 1.0781860200000002e-07,
  "nLLP_Tracker": 2,
  "nLLP_Tracker_weighted": 1.0781860200000002e-07,
  "nLLP_MET": 2,
  "nLLP_MET_weighted": 1.0781860200000002e-07,
  "nLLP_IsoJet": 2,
  "nLLP_IsoJet_weighted": 1.0781860200000002e-07,
  "nLLP_IsoCharged": 2,
  "nLLP_IsoCharged_weighted": 1.0781860200000002e-07,
  "nLLP_IsoAll": 2,
  "nLLP_IsoAll_weighted": 1.0781860200000002e-07,
  "nLLP_partners": 0,
  "nLLP_partners_weighted": 0.0
}