{
  "nLLP_original": 4000,
  "nLLP_original_weighted": 0.00021624659600000007,
  "nLLP_LLPdecay": 4000,
  "nLLP_LLPdecay_weighted": 0.00021624659600000007,
  "nLLP_InCavern": 3201,
  "nLLP_InCavern_weighted": 0.00017305133844900007,
  "nLLP_NotInATLAS": 596,
  "nLLP_NotInATLAS_weighted": 3.2220742804e-05,
  "nLLP_Geometry": 110,
  "nLLP_Geometry_weighted": 5.9467813900000026e-06,
  "nLLP_Tracker": 110,
  "nLLP_Tracker_weighted": 5.9467813900000026e-06,
  "nLLP_MET": 71,
  "nLLP_MET_weighted": 3.838377079000001e-06,
  "nLLP_IsoJet": 61,
  "nLLP_IsoJet_weighted": 3.297760589000001e-06,
  "nLLP_IsoCharged": 71,
  "nLLP_IsoCharged_weighted": 3.838377079000001e-06,
  "nLLP_IsoAll": 61,
  "nLLP_IsoAll_weighted": 3.297760589000001e-06,
  "nLLP_partners": 0,
  "nLLP_partners_weighted": 0.0
}