{
  "nLLP_original": 3554,
  "nLLP_original_weighted": 0.00025835668658800005,
  "nLLP_LLPdecay": 3554,
  "nLLP_LLPdecay_weighted": 0.00025835668658800005,
  "nLLP_InCavern": 375,
  "nLLP_InCavern_weighted": 2.7260483250000004e-05,
  "nLLP_NotInATLAS": 173,
  "nLLP_NotInATLAS_weighted": 1.2576169606000003e-05,
  "nLLP_Geometry": 43,
  "nLLP_Geometry_weighted": 3.1258687459999995e-06,
  "nLLP_Tracker": 43,
  "nLLP_Tracker_weighted": 3.1258687459999995e-06,
  "nLLP_MET": 21,
  "nLLP_MET_weighted": 1.5265870619999996e-06,
  "nLLP_IsoJet": 17,
  "nLLP_IsoJet_weighted": 1.2358085739999999e-06,
  "nLLP_IsoCharged": 21,
  "nLLP_IsoCharged_weighted": 1.5265870619999996e-06,
  "nLLP_IsoAll": 17,
  "nLLP_IsoAll_weighted": 1.2358085739999999e-06,
  "nLLP_partners": 0,
  "nLLP_partners_weighted": 0.0
}