{
  "nLLP_original": 4000,
  "nLLP_original_weighted": 0.00021637774399999997,
  "nLLP_LLPdecay": 4000,
  "nLLP_LLPdecay_weighted": 0.00021637774399999997,
  "nLLP_InCavern": 100,
  "nLLP_InCavern_weighted": 5.409443599999999e-06,
  "nLLP_NotInATLAS": 47,
  "nLLP_NotInATLAS_weighted": 2.5424384920000016e-06,
  "nLLP_Geometry": 14,
  "nLLP_Geometry_weighted": 7.57322104e-07,
  "nLLP_Tracker": 14,
  "nLLP_Tracker_weighted": 7.57322104e-07,
  "nLLP_MET": 8,
  "nLLP_MET_weighted": 4.3275548800000006e-07,
  "nLLP_IsoJet": 6,
  "nLLP_IsoJet_weighted": 3.2456661600000006e-07,
  "nLLP_IsoCharged": 8,
  "nLLP_IsoCharged_weighted": 4.3275548800000006e-07,
  "nLLP_IsoAll": 6,
  "nLLP_IsoAll_weighted": 3.2456661600000006e-07,
  "nLLP_partners": 0,
  "nLLP_partners_weighted": 0.0
}