{
  "nLLP_original": 4000,
  "nLLP_original_weighted": 0.00021027361599999995,
  "nLLP_LLPdecay": 4000,
  "nLLP_LLPdecay_weighted": 0.00021027361599999995,
  "nLLP_InCavern": 2864,
  "nLLP_InCavern_weighted": 0.000150555909056,
  "nLLP_NotInATLAS": 385,
  "nLLP_NotInATLAS_weighted": 2.0238835539999996e-05,
  "nLLP_Geometry": 44,
  "nLLP_Geometry_weighted": 2.3130097759999996e-06,
  "nLLP_Tracker": 44,
  "nLLP_Tracker_weighted": 2.3130097759999996e-06,
  "nLLP_MET": 39,
  "nLLP_MET_weighted": 2.0501677560000002e-06,
  "nLLP_IsoJet": 36,
  "nLLP_IsoJet_weighted": 1.8924625440000006e-06,
  "nLLP_IsoCharged": 39,
  "nLLP_IsoCharged_weighted": 2.0501677560000002e-06,
  "nLLP_IsoAll": 36,
  "nLLP_IsoAll_weighted": 1.8924625440000006e-06,
  "nLLP_partners": 2,
  "nLLP_partners_weighted": 1.0513680800000002e-07
}