{
  "nLLP_original": 4000,
  "nLLP_original_weighted": 0.00025918148000000007,
  "nLLP_LLPdecay": 4000,
  "nLLP_LLPdecay_weighted": 0.00025918148000000007,
  "nLLP_InCavern": 313,
  "nLLP_InCavern_weighted": 2.0280950810000004e-05,
  "nLLP_NotInATLAS": 151,
  "nLLP_NotInATLAS_weighted": 9.784100869999998e-06,
  "nLLP_Geometry": 32,
  "nLLP_Geometry_weighted": 2.07345184e-06,
  "nLLP_Tracker": 32,
  "nLLP_Tracker_weighted": 2.07345184e-06,
  "nLLP_MET": 18,
  "nLLP_MET_weighted": 1.1663166599999998e-06,
  "nLLP_IsoJet": 13,
  "nLLP_IsoJet_weighted": 8.423398100000002e-07,
  "nLLP_IsoCharged": 18,
  "nLLP_IsoCharged_weighted": 1.1663166599999998e-06,
  "nLLP_IsoAll": 13,
  "nLLP_IsoAll_weighted": 8.423398100000002e-07,
  "nLLP_partners": 0,
  "nLLP_partners_weighted": 0.0
}