{
  "nLLP_original": 4000,
  "nLLP_original_weighted": 0.0002590828480000001,
  "nLLP_LLPdecay": 4000,
  "nLLP_LLPdecay_weighted": 0.0002590828480000001,
  "nLLP_InCavern": 1891,
  "nLLP_InCavern_weighted": 0.00012248141639200006,
  "nLLP_NotInATLAS": 637,
  "nLLP_NotInATLAS_weighted": 4.125894354400002e-05,
  "nLLP_Geometry": 128,
  "nLLP_Geometry_weighted": 8.290651136000004e-06,
  "nLLP_Tracker": 128,
  "nLLP_Tracker_weighted": 8.290651136000004e-06,
  "nLLP_MET": 70,
  "nLLP_MET_weighted": 4.533949840000003e-06,
  "nLLP_IsoJet": 57,
  "nLLP_IsoJet_weighted": 3.6919305840000006e-06,
  "nLLP_IsoCharged": 69,
  "nLLP_IsoCharged_weighted": 4.4691791280000026e-06,
  "nLLP_IsoAll": 57,
  "nLLP_IsoAll_weighted": 3.6919305840000006e-06,
  "nLLP_partners": 0,
  "nLLP_partners_weighted": 0.0
}