{
  "nLLP_original": 4000,
  "nLLP_original_weighted": 0.00029180731200000005,
  "nLLP_LLPdecay": 4000,
  "nLLP_LLPdecay_weighted": 0.00029180731200000005,
  "nLLP_InCavern": 55,
  "nLLP_InCavern_weighted": 4.0123505400000005e-06,
  "nLLP_NotInATLAS": 28,
  "nLLP_NotInATLAS_weighted": 2.0426511840000003e-06,
  "nLLP_Geometry": 7,
  "nLLP_Geometry_weighted": 5.10662796e-07,
  "nLLP_Tracker": 7,
  "nLLP_Tracker_weighted": 5.10662796e-07,
  "nLLP_MET": 6,
  "nLLP_MET_weighted": 4.37710968e-07,
  "nLLP_IsoJet": 4,
  "nLLP_IsoJet_weighted": 2.91807312e-07,
  "nLLP_IsoCharged": 6,
  "nLLP_IsoCharged_weighted": 4.37710968e-07,
  "nLLP_IsoAll": 4,
  "nLLP_IsoAll_weighted": 2.91807312e-07,
  "nLLP_partners": 0,
  "nLLP_partners_weighted": 0.0
}