{
  "nLLP_original": 4000,
  "nLLP_original_weighted": 0.00029129955200000003,
  "nLLP_LLPdecay": 4000,
  "nLLP_LLPdecay_weighted": 0.00029129955200000003,
  "nLLP_InCavern": 411,
  "nLLP_InCavern_weighted": 2.9931028968000005e-05,
  "nLLP_NotInATLAS": 204,
  "nLLP_NotInATLAS_weighted": 1.4856277152e-05,
  "nLLP_Geometry": 37,
  "nLLP_Geometry_weighted": 2.694520856e-06,
  "nLLP_Tracker": 37,
  "nLLP_Tracker_weighted": 2.694520856e-06,
  "nLLP_MET": 25,
  "nLLP_MET_weighted": 1.8206222e-06,
  "nLLP_IsoJet": 20,
  "nLLP_IsoJet_weighted": 1.45649776e-06,
  "nLLP_IsoCharged": 25,
  "nLLP_IsoCharged_weighted": 1.8206222e-06,
  "nLLP_IsoAll": 20,
  "nLLP_IsoAll_weighted": 1.45649776e-06,
  "nLLP_partners": 0,
  "nLLP_partners_weighted": 0.0
}