{
  "nLLP_original": 4000,
  "nLLP_original_weighted": 0.00023282334000000005,
  "nLLP_LLPdecay": 4000,
  "nLLP_LLPdecay_weighted": 0.00023282334000000005,
  "nLLP_InCavern": 205,
  "nLLP_InCavern_weighted": 1.1932196175000002e-05,
  "nLLP_NotInATLAS": 83,
  "nLLP_NotInATLAS_weighted": 4.831084305e-06,
  "nLLP_Geometry": 25,
  "nLLP_Geometry_weighted": 1.4551458750000001e-06,
  "nLLP_Tracker": 25,
  "nLLP_Tracker_weighted": 1.4551458750000001e-06,
  "nLLP_MET": 14,
  "nLLP_MET_weighted": 8.148816900000002e-07,
  "nLLP_IsoJet": 12,
  "nLLP_IsoJet_weighted": 6.984700200000002e-07,
  "nLLP_IsoCharged": 14,
  "nLLP_IsoCharged_weighted": 8.148816900000002e-07,
  "nLLP_IsoAll": 12,
  "nLLP_IsoAll_weighted": 6.984700200000002e-07,
  "nLLP_partners": 0,
  "nLLP_partners_weighted": 0.0
}