{
  "nLLP_original": 4000,
  "nLLP_original_weighted": 0.00031006653600000004,
  "nLLP_LLPdecay": 4000,
  "nLLP_LLPdecay_weighted": 0.00031006653600000004,
  "nLLP_InCavern": 69,
  "nLLP_InCavern_weighted": 5.348647745999998e-06,
  "nLLP_NotInATLAS": 27,
  "nLLP_NotInATLAS_weighted": 2.0929491180000004e-06,
  "nLLP_Geometry": 5,
  "nLLP_Geometry_weighted": 3.8758317e-07,
  "nLLP_Tracker": 5,
  "nLLP_Tracker_weighted": 3.8758317e-07,
  "nLLP_MET": 4,
  "nLLP_MET_weighted": 3.10066536e-07,
  "nLLP_IsoJet": 4,
  "nLLP_IsoJet_weighted": 3.10066536e-07,
  "nLLP_IsoCharged": 4,
  "nLLP_IsoCharged_weighted": 3.10066536e-07,
  "nLLP_IsoAll": 4,
  "nLLP_IsoAll_weighted": 3.10066536e-07,
  "nLLP_partners": 0,
  "nLLP_partners_weighted": 0.0
}