{
  "nLLP_original": 4000,
  "nLLP_original_weighted": 0.00029180731200000005,
  "nLLP_LLPdecay": 4000,
  "nLLP_LLPdecay_weighted": 0.00029180731200000005,
  "nLLP_InCavern": 2325,
  "nLLP_InCavern_weighted": 0.00016961300010000002,
  "nLLP_NotInATLAS": 689,
  "nLLP_NotInATLAS_weighted": 5.0263809492000005e-05,
  "nLLP_Geometry": 105,
  "nLLP_Geometry_weighted": 7.659941940000002e-06,
  "nLLP_Tracker": 105,
  "nLLP_Tracker_weighted": 7.659941940000002e-06,
  "nLLP_MET": 58,
  "nLLP_MET_weighted": 4.231206024e-06,
  "nLLP_IsoJet": 49,
  "nLLP_IsoJet_weighted": 3.574639572e-06,
  "nLLP_IsoCharged": 58,
  "nLLP_IsoCharged_weighted": 4.231206024e-06,
  "nLLP_IsoAll": 49,
  "nLLP_IsoAll_weighted": 3.574639572e-06,
  "nLLP_partners": 0,
  "nLLP_partners_weighted": 0.0
}