{
  "nLLP_original": 4000,
  "nLLP_original_weighted": 0.00021090346799999994,
  "nLLP_LLPdecay": 4000,
  "nLLP_LLPdecay_weighted": 0.00021090346799999994,
  "nLLP_InCavern": 686,
  "nLLP_InCavern_weighted": 3.6169944761999995e-05,
  "nLLP_NotInATLAS": 237,
  "nLLP_NotInATLAS_weighted": 1.2496030478999999e-05,
  "nLLP_Geometry": 34,
  "nLLP_Geometry_weighted": 1.7926794780000003e-06,
  "nLLP_Tracker": 34,
  "nLLP_Tracker_weighted": 1.7926794780000003e-06,
  "nLLP_MET": 19,
  "nLLP_MET_weighted": 1.001791473e-06,
  "nLLP_IsoJet": 16,
  "nLLP_IsoJet_weighted": 8.436138720000001e-07,
  "nLLP_IsoCharged": 19,
  "nLLP_IsoCharged_weighted": 1.001791473e-06,
  "nLLP_IsoAll": 16,
  "nLLP_IsoAll_weighted": 8.436138720000001e-07,
  "nLLP_partners": 0,
  "nLLP_partners_weighted": 0.0
}