{
  "nLLP_original": 2852,
  "nLLP_original_weighted": 0.00022095234859600003,
  "nLLP_LLPdecay": 2852,
  "nLLP_LLPdecay_weighted": 0.00022095234859600003,
  "nLLP_InCavern": 43,
  "nLLP_InCavern_weighted": 3.331329239e-06,
  "nLLP_NotInATLAS": 21,
  "nLLP_NotInATLAS_weighted": 1.6269282329999996e-06,
  "nLLP_Geometry": 5,
  "nLLP_Geometry_weighted": 3.8736386500000004e-07,
  "nLLP_Tracker": 5,
  "nLLP_Tracker_weighted": 3.8736386500000004e-07,
  "nLLP_MET": 2,
  "nLLP_MET_weighted": 1.54945546e-07,
  "nLLP_IsoJet": 1,
  "nLLP_IsoJet_weighted": 7.7472773e-08,
  "nLLP_IsoCharged": 2,
  "nLLP_IsoCharged_weighted": 1.54945546e-07,
  "nLLP_IsoAll": 1,
  "nLLP_IsoAll_weighted": 7.7472773e-08,
  "nLLP_partners": 0,
  "nLLP_partners_weighted": 0.0
}