{
  "nLLP_original": 4000,
  "nLLP_original_weighted": 0.00031022313200000016,
  "nLLP_LLPdecay": 4000,
  "nLLP_LLPdecay_weighted": 0.00031022313200000016,
  "nLLP_InCavern": 69,
  "nLLP_InCavern_weighted": 5.351349027000002e-06,
  "nLLP_NotInATLAS": 31,
  "nLLP_NotInATLAS_weighted": 2.4042292730000013e-06,
  "nLLP_Geometry": 8,
  "nLLP_Geometry_weighted": 6.204462640000001e-07,
  "nLLP_Tracker": 8,
  "nLLP_Tracker_weighted": 6.204462640000001e-07,
  "nLLP_MET": 2,
  "nLLP_MET_weighted": 1.5511156600000003e-07,
  "nLLP_IsoJet": 2,
  "nLLP_IsoJet_weighted": 1.5511156600000003e-07,
  "nLLP_IsoCharged": 2,
  "nLLP_IsoCharged_weighted": 1.5511156600000003e-07,
  "nLLP_IsoAll": 2,
  "nLLP_IsoAll_weighted": 1.5511156600000003e-07,
  "nLLP_partners": 0,
  "nLLP_partners_weighted": 0.0
}