{
  "nLLP_original": 406,
  "nLLP_original_weighted": 2.629915344e-05,
  "nLLP_LLPdecay": 406,
  "nLLP_LLPdecay_weighted": 2.629915344e-05,
  "nLLP_InCavern": 384,
  "nLLP_InCavern_weighted": 2.487407616e-05,
  "nLLP_NotInATLAS": 12,
  "nLLP_NotInATLAS_weighted": 7.7731488e-07,
  "nLLP_Geometry": 1,
  "nLLP_Geometry_weighted": 6.477624000000001e-08,
  "nLLP_Tracker": 1,
  "nLLP_Tracker_weighted": 6.477624000000001e-08,
  "nLLP_MET": 1,
  "nLLP_MET_weighted": 6.477624000000001e-08,
  "nLLP_IsoJet": 1,
  "nLLP_IsoJet_weighted": 6.477624000000001e-08,
  "nLLP_IsoCharged": 1,
  "nLLP_IsoCharged_weighted": 6.477624000000001e-08,
  "nLLP_IsoAll": 1,
  "nLLP_IsoAll_weighted": 6.477624000000001e-08,
  "nLLP_partners": 0,
  "nLLP_partners_weighted": 0.0
}