{
  "nLLP_original": 4000,
  "nLLP_original_weighted": 0.000259481048,
  "nLLP_LLPdecay": 4000,
  "nLLP_LLPdecay_weighted": 0.000259481048,
  "nLLP_InCavern": 3814,
  "nLLP_InCavern_weighted": 0.0002474151792680001,
  "nLLP_NotInATLAS": 139,
  "nLLP_NotInATLAS_weighted": 9.016966418000001e-06,
  "nLLP_Geometry": 16,
  "nLLP_Geometry_weighted": 1.037924192e-06,
  "nLLP_Tracker": 16,
  "nLLP_Tracker_weighted": 1.037924192e-06,
  "nLLP_MET": 15,
  "nLLP_MET_weighted": 9.7305393e-07,
  "nLLP_IsoJet": 14,
  "nLLP_IsoJet_weighted": 9.081836680000001e-07,
  "nLLP_IsoCharged": 15,
  "nLLP_IsoCharged_weighted": 9.7305393e-07,
  "nLLP_IsoAll": 14,
  "nLLP_IsoAll_weighted": 9.081836680000001e-07,
  "nLLP_partners": 2,
  "nLLP_partners_weighted": 1.29740524e-07
}