{
  "nLLP_original": 4000,
  "nLLP_original_weighted": 0.0002325422280000001,
  "nLLP_LLPdecay": 4000,
  "nLLP_LLPdecay_weighted": 0.0002325422280000001,
  "nLLP_InCavern": 1461,
  "nLLP_InCavern_weighted": 8.4936048777e-05,
  "nLLP_NotInATLAS": 598,
  "nLLP_NotInATLAS_weighted": 3.4765063086e-05,
  "nLLP_Geometry": 121,
  "nLLP_Geometry_weighted": 7.034402397000002e-06,
  "nLLP_Tracker": 121,
  "nLLP_Tracker_weighted": 7.034402397000002e-06,
  "nLLP_MET": 64,
  "nLLP_MET_weighted": 3.720675648e-06,
  "nLLP_IsoJet": 50,
  "nLLP_IsoJet_weighted": 2.90677785e-06,
  "nLLP_IsoCharged": 63,
  "nLLP_IsoCharged_weighted": 3.6625400910000004e-06,
  "nLLP_IsoAll": 49,
  "nLLP_IsoAll_weighted": 2.848642293e-06,
  "nLLP_partners": 0,
  "nLLP_partners_weighted": 0.0
}