{
  "nLLP_original": 4000,
  "nLLP_original_weighted": 0.00029180731200000005,
  "nLLP_LLPdecay": 4000,
  "nLLP_LLPdecay_weighted": 0.00029180731200000005,
  "nLLP_InCavern": 443,
  "nLLP_InCavern_weighted": 3.2317659804000006e-05,
  "nLLP_NotInATLAS": 213,
  "nLLP_NotInATLAS_weighted": 1.5538739364000003e-05,
  "nLLP_Geometry": 44,
  "nLLP_Geometry_weighted": 3.2098804320000006e-06,
  "nLLP_Tracker": 44,
  "nLLP_Tracker_weighted": 3.2098804320000006e-06,
  "nLLP_MET": 20,
  "nLLP_MET_weighted": 1.4590365599999998e-06,
  "nLLP_IsoJet": 15,
  "nLLP_IsoJet_weighted": 1.09427742e-06,
  "nLLP_IsoCharged": 20,
  "nLLP_IsoCharged_weighted": 1.4590365599999998e-06,
  "nLLP_IsoAll": 15,
  "nLLP_IsoAll_weighted": 1.09427742e-06,
  "nLLP_partners": 0,
  "nLLP_partners_weighted": 0.0
}