{
  "nLLP_original": 3234,
  "nLLP_original_weighted": 0.0002508154022220001,
  "nLLP_LLPdecay": 3234,
  "nLLP_LLPdecay_weighted": 0.0002508154022220001,
  "nLLP_InCavern": 48,
  "nLLP_InCavern_weighted": 3.722677584000001e-06,
  "nLLP_NotInATLAS": 20,
  "nLLP_NotInATLAS_weighted": 1.5511156600000008e-06,
  "nLLP_Geometry": 3,
  "nLLP_Geometry_weighted": 2.3266734900000005e-07,
  "nLLP_Tracker": 3,
  "nLLP_Tracker_weighted": 2.3266734900000005e-07,
  "nLLP_MET": 3,
  "nLLP_MET_weighted": 2.3266734900000005e-07,
  "nLLP_IsoJet": 3,
  "nLLP_IsoJet_weighted": 2.3266734900000005e-07,
  "nLLP_IsoCharged": 3,
  "nLLP_IsoCharged_weighted": 2.3266734900000005e-07,
  "nLLP_IsoAll": 3,
  "nLLP_IsoAll_weighted": 2.3266734900000005e-07,
  "nLLP_partners": 0,
  "nLLP_partners_weighted": 0.0
}