{
  "nLLP_original": 4000,
  "nLLP_original_weighted": 0.00021637774399999997,
  "nLLP_LLPdecay": 4000,
  "nLLP_LLPdecay_weighted": 0.00021637774399999997,
  "nLLP_InCavern": 3150,
  "nLLP_InCavern_weighted": 0.0001703974734,
  "nLLP_NotInATLAS": 590,
  "nLLP_NotInATLAS_weighted": 3.191571724e-05,
  "nLLP_Geometry": 94,
  "nLLP_Geometry_weighted": 5.084876983999999e-06,
  "nLLP_Tracker": 94,
  "nLLP_Tracker_weighted": 5.084876983999999e-06,
  "nLLP_MET": 61,
  "nLLP_MET_weighted": 3.2997605960000016e-06,
  "nLLP_IsoJet": 52,
  "nLLP_IsoJet_weighted": 2.8129106720000012e-06,
  "nLLP_IsoCharged": 61,
  "nLLP_IsoCharged_weighted": 3.2997605960000016e-06,
  "nLLP_IsoAll": 52,
  "nLLP_IsoAll_weighted": 2.8129106720000012e-06,
  "nLLP_partners": 0,
  "nLLP_partners_weighted": 0.0
}