{
  "nLLP_original": 4000,
  "nLLP_original_weighted": 0.00020997197200000006,
  "nLLP_LLPdecay": 4000,
  "nLLP_LLPdecay_weighted": 0.00020997197200000006,
  "nLLP_InCavern": 2798,
  "nLLP_InCavern_weighted": 0.00014687539441400003,
  "nLLP_NotInATLAS": 408,
  "nLLP_NotInATLAS_weighted": 2.1417141144000006e-05,
  "nLLP_Geometry": 42,
  "nLLP_Geometry_weighted": 2.204705706e-06,
  "nLLP_Tracker": 42,
  "nLLP_Tracker_weighted": 2.204705706e-06,
  "nLLP_MET": 35,
  "nLLP_MET_weighted": 1.8372547550000003e-06,
  "nLLP_IsoJet": 33,
  "nLLP_IsoJet_weighted": 1.7322687690000002e-06,
  "nLLP_IsoCharged": 35,
  "nLLP_IsoCharged_weighted": 1.8372547550000003e-06,
  "nLLP_IsoAll": 33,
  "nLLP_IsoAll_weighted": 1.7322687690000002e-06,
  "nLLP_partners": 6,
  "nLLP_partners_weighted": 3.1495795800000007e-07
}