{
  "nLLP_original": 3440,
  "nLLP_original_weighted": 0.00018608485984,
  "nLLP_LLPdecay": 3440,
  "nLLP_LLPdecay_weighted": 0.00018608485984,
  "nLLP_InCavern": 70,
  "nLLP_InCavern_weighted": 3.786610520000002e-06,
  "nLLP_NotInATLAS": 26,
  "nLLP_NotInATLAS_weighted": 1.4064553360000002e-06,
  "nLLP_Geometry": 6,
  "nLLP_Geometry_weighted": 3.2456661600000006e-07,
  "nLLP_Tracker": 6,
  "nLLP_Tracker_weighted": 3.2456661600000006e-07,
  "nLLP_MET": 5,
  "nLLP_MET_weighted": 2.7047218000000003e-07,
  "nLLP_IsoJet": 4,
  "nLLP_IsoJet_weighted": 2.1637774400000003e-07,
  "nLLP_IsoCharged": 5,
  "nLLP_IsoCharged_weighted": 2.7047218000000003e-07,
  "nLLP_IsoAll": 4,
  "nLLP_IsoAll_weighted": 2.1637774400000003e-07,
  "nLLP_partners": 0,
  "nLLP_partners_weighted": 0.0
}