{
  "nLLP_original": 4000,
  "nLLP_original_weighted": 0.00021563821999999992,
  "nLLP_LLPdecay": 4000,
  "nLLP_LLPdecay_weighted": 0.00021563821999999992,
  "nLLP_InCavern": 102,
  "nLLP_InCavern_weighted": 5.498774609999997e-06,
  "nLLP_NotInATLAS": 50,
  "nLLP_NotInATLAS_weighted": 2.6954777500000002e-06,
  "nLLP_Geometry": 10,
  "nLLP_Geometry_weighted": 5.3909555e-07,
  "nLLP_Tracker": 10,
  "nLLP_Tracker_weighted": 5.3909555e-07,
  "nLLP_MET": 7,
  "nLLP_MET_weighted": 3.77366885e-07,
  "nLLP_IsoJet": 6,
  "nLLP_IsoJet_weighted": 3.2345733e-07,
  "nLLP_IsoCharged": 7,
  "nLLP_IsoCharged_weighted": 3.77366885e-07,
  "nLLP_IsoAll": 6,
  "nLLP_IsoAll_weighted": 3.2345733e-07,
  "nLLP_partners": 0,
  "nLLP_partners_weighted": 0.0
}