{
  "nLLP_original": 4000,
  "nLLP_original_weighted": 0.00012466901600000004,
  "nLLP_LLPdecay": 4000,
  "nLLP_LLPdecay_weighted": 0.00012466901600000004,
  "nLLP_InCavern": 849,
  "nLLP_InCavern_weighted": 2.6460998646000012e-05,
  "nLLP_NotInATLAS": 346,
  "nLLP_NotInATLAS_weighted": 1.0783869884000003e-05,
  "nLLP_Geometry": 84,
  "nLLP_Geometry_weighted": 2.618049336e-06,
  "nLLP_Tracker": 24,
  "nLLP_Tracker_weighted": 7.480140960000002e-07,
  "nLLP_MET": 14,
  "nLLP_MET_weighted": 4.363415560000002e-07,
  "nLLP_IsoJet": 11,
  "nLLP_IsoJet_weighted": 3.428397940000001e-07,
  "nLLP_IsoCharged": 14,
  "nLLP_IsoCharged_weighted": 4.363415560000002e-07,
  "nLLP_IsoAll": 11,
  "nLLP_IsoAll_weighted": 3.428397940000001e-07,
  "nLLP_partners": 0,
  "nLLP_partners_weighted": 0.0
}