{
  "nLLP_original": 4000,
  "nLLP_original_weighted": 0.00029156996000000005,
  "nLLP_LLPdecay": 4000,
  "nLLP_LLPdecay_weighted": 0.00029156996000000005,
  "nLLP_InCavern": 3866,
  "nLLP_InCavern_weighted": 0.00028180236634000005,
  "nLLP_NotInATLAS": 69,
  "nLLP_NotInATLAS_weighted": 5.029581810000002e-06,
  "nLLP_Geometry": 3,
  "nLLP_Geometry_weighted": 2.1867747000000003e-07,
  "nLLP_Tracker": 3,
  "nLLP_Tracker_weighted": 2.1867747000000003e-07,
  "nLLP_MET": 3,
  "nLLP_MET_weighted": 2.1867747000000003e-07,
  "nLLP_IsoJet": 3,
  "nLLP_IsoJet_weighted": 2.1867747000000003e-07,
  "nLLP_IsoCharged": 3,
  "nLLP_IsoCharged_weighted": 2.1867747000000003e-07,
  "nLLP_IsoAll": 3,
  "nLLP_IsoAll_weighted": 2.1867747000000003e-07,
  "nLLP_partners": 0,
  "nLLP_partners_weighted": 0.0
}