{
  "nLLP_original": 4000,
  "nLLP_original_weighted": 0.00021090346799999994,
  "nLLP_LLPdecay": 4000,
  "nLLP_LLPdecay_weighted": 0.00021090346799999994,
  "nLLP_InCavern": 88,
  "nLLP_InCavern_weighted": 4.639876296e-06,
  "nLLP_NotInATLAS": 39,
  "nLLP_NotInATLAS_weighted": 2.0563088130000002e-06,
  "nLLP_Geometry": 8,
  "nLLP_Geometry_weighted": 4.2180693600000005e-07,
  "nLLP_Tracker": 8,
  "nLLP_Tracker_weighted": 4.2180693600000005e-07,
  "nLLP_MET": 5,
  "nLLP_MET_weighted": 2.63629335e-07,
  "nLLP_IsoJet": 4,
  "nLLP_IsoJet_weighted": 2.1090346800000002e-07,
  "nLLP_IsoCharged": 5,
  "nLLP_IsoCharged_weighted": 2.63629335e-07,
  "nLLP_IsoAll": 4,
  "nLLP_IsoAll_weighted": 2.1090346800000002e-07,
  "nLLP_partners": 0,
  "nLLP_partners_weighted": 0.0
}