{
  "nLLP_original": 3638,
  "nLLP_original_weighted": 0.00023565959912000005,
  "nLLP_LLPdecay": 3638,
  "nLLP_LLPdecay_weighted": 0.00023565959912000005,
  "nLLP_InCavern": 253,
  "nLLP_InCavern_weighted": 1.6388641720000004e-05,
  "nLLP_NotInATLAS": 134,
  "nLLP_NotInATLAS_weighted": 8.680150160000003e-06,
  "nLLP_Geometry": 38,
  "nLLP_Geometry_weighted": 2.4615351199999987e-06,
  "nLLP_Tracker": 38,
  "nLLP_Tracker_weighted": 2.4615351199999987e-06,
  "nLLP_MET": 25,
  "nLLP_MET_weighted": 1.619431e-06,
  "nLLP_IsoJet": 16,
  "nLLP_IsoJet_weighted": 1.03643584e-06,
  "nLLP_IsoCharged": 25,
  "nLLP_IsoCharged_weighted": 1.619431e-06,
  "nLLP_IsoAll": 16,
  "nLLP_IsoAll_weighted": 1.03643584e-06,
  "nLLP_partners": 0,
  "nLLP_partners_weighted": 0.0
}