{
  "nLLP_original": 4000,
  "nLLP_original_weighted": 0.00021626378399999994,
  "nLLP_LLPdecay": 4000,
  "nLLP_LLPdecay_weighted": 0.00021626378399999994,
  "nLLP_InCavern": 96,
  "nLLP_InCavern_weighted": 5.190330815999999e-06,
  "nLLP_NotInATLAS": 41,
  "nLLP_NotInATLAS_weighted": 2.216703786e-06,
  "nLLP_Geometry": 11,
  "nLLP_Geometry_weighted": 5.947254059999999e-07,
  "nLLP_Tracker": 11,
  "nLLP_Tracker_weighted": 5.947254059999999e-07,
  "nLLP_MET": 7,
  "nLLP_MET_weighted": 3.78461622e-07,
  "nLLP_IsoJet": 4,
  "nLLP_IsoJet_weighted": 2.16263784e-07,
  "nLLP_IsoCharged": 7,
  "nLLP_IsoCharged_weighted": 3.78461622e-07,
  "nLLP_IsoAll": 4,
  "nLLP_IsoAll_weighted": 2.16263784e-07,
  "nLLP_partners": 0,
  "nLLP_partners_weighted": 0.0
}