{
  "nLLP_original": 4000,
  "nLLP_original_weighted": 0.00023390438799999992,
  "nLLP_LLPdecay": 4000,
  "nLLP_LLPdecay_weighted": 0.00023390438799999992,
  "nLLP_InCavern": 1452,
  "nLLP_InCavern_weighted": 8.490729284399999e-05,
  "nLLP_NotInATLAS": 558,
  "nLLP_NotInATLAS_weighted": 3.2629662126000006e-05,
  "nLLP_Geometry": 118,
  "nLLP_Geometry_weighted": 6.900179446000001e-06,
  "nLLP_Tracker": 118,
  "nLLP_Tracker_weighted": 6.900179446000001e-06,
  "nLLP_MET": 65,
  "nLLP_MET_weighted": 3.8009463050000005e-06,
  "nLLP_IsoJet": 54,
  "nLLP_IsoJet_weighted": 3.157709238e-06,
  "nLLP_IsoCharged": 65,
  "nLLP_IsoCharged_weighted": 3.8009463050000005e-06,
  "nLLP_IsoAll": 54,
  "nLLP_IsoAll_weighted": 3.157709238e-06,
  "nLLP_partners": 2,
  "nLLP_partners_weighted": 1.1695219400000002e-07
}