{
  "nLLP_original": 4000,
  "nLLP_original_weighted": 0.00021624659600000007,
  "nLLP_LLPdecay": 4000,
  "nLLP_LLPdecay_weighted": 0.00021624659600000007,
  "nLLP_InCavern": 7,
  "nLLP_InCavern_weighted": 3.78431543e-07,
  "nLLP_NotInATLAS": 4,
  "nLLP_NotInATLAS_weighted": 2.1624659600000003e-07,
  "nLLP_Geometry": 2,
  "nLLP_Geometry_weighted": 1.0812329800000002e-07,
  "nLLP_Tracker": 2,
  "nLLP_Tracker_weighted": 1.0812329800000002e-07,
  "nLLP_MET": 1,
  "nLLP_MET_weighted": 5.406164900000001e-08,
  "nLLP_IsoJet": 1,
  "nLLP_IsoJet_weighted": 5.406164900000001e-08,
  "nLLP_IsoCharged": 1,
  "nLLP_IsoCharged_weighted": 5.406164900000001e-08,
  "nLLP_IsoAll": 1,
  "nLLP_IsoAll_weighted": 5.406164900000001e-08,
  "nLLP_partners": 0,
  "nLLP_partners_weighted": 0.0
}