{
  "nLLP_original": 4000,
  "nLLP_original_weighted": 0.00030962465199999993,
  "nLLP_LLPdecay": 4000,
  "nLLP_LLPdecay_weighted": 0.00030962465199999993,
  "nLLP_InCavern": 64,
  "nLLP_InCavern_weighted": 4.953994432e-06,
  "nLLP_NotInATLAS": 24,
  "nLLP_NotInATLAS_weighted": 1.8577479119999998e-06,
  "nLLP_Geometry": 4,
  "nLLP_Geometry_weighted": 3.09624652e-07,
  "nLLP_Tracker": 4,
  "nLLP_Tracker_weighted": 3.09624652e-07,
  "nLLP_MET": 3,
  "nLLP_MET_weighted": 2.3221848899999997e-07,
  "nLLP_IsoJet": 2,
  "nLLP_IsoJet_weighted": 1.54812326e-07,
  "nLLP_IsoCharged": 3,
  "nLLP_IsoCharged_weighted": 2.3221848899999997e-07,
  "nLLP_IsoAll": 2,
  "nLLP_IsoAll_weighted": 1.54812326e-07,
  "nLLP_partners": 0,
  "nLLP_partners_weighted": 0.0
}