{
  "nLLP_original": 4000,
  "nLLP_original_weighted": 0.000290390256,
  "nLLP_LLPdecay": 4000,
  "nLLP_LLPdecay_weighted": 0.000290390256,
  "nLLP_InCavern": 414,
  "nLLP_InCavern_weighted": 3.0055391496000002e-05,
  "nLLP_NotInATLAS": 196,
  "nLLP_NotInATLAS_weighted": 1.4229122544000001e-05,
  "nLLP_Geometry": 38,
  "nLLP_Geometry_weighted": 2.7587074320000002e-06,
  "nLLP_Tracker": 38,
  "nLLP_Tracker_weighted": 2.7587074320000002e-06,
  "nLLP_MET": 25,
  "nLLP_MET_weighted": 1.8149391000000001e-06,
  "nLLP_IsoJet": 22,
  "nLLP_IsoJet_weighted": 1.5971464080000001e-06,
  "nLLP_IsoCharged": 25,
  "nLLP_IsoCharged_weighted": 1.8149391000000001e-06,
  "nLLP_IsoAll": 22,
  "nLLP_IsoAll_weighted": 1.5971464080000001e-06,
  "nLLP_partners": 0,
  "nLLP_partners_weighted": 0.0
}