{
  "nLLP_original": 4000,
  "nLLP_original_weighted": 0.000259481048,
  "nLLP_LLPdecay": 4000,
  "nLLP_LLPdecay_weighted": 0.000259481048,
  "nLLP_InCavern": 278,
  "nLLP_InCavern_weighted": 1.8033932836000002e-05,
  "nLLP_NotInATLAS": 137,
  "nLLP_NotInATLAS_weighted": 8.887225894000001e-06,
  "nLLP_Geometry": 23,
  "nLLP_Geometry_weighted": 1.4920160259999993e-06,
  "nLLP_Tracker": 23,
  "nLLP_Tracker_weighted": 1.4920160259999993e-06,
  "nLLP_MET": 13,
  "nLLP_MET_weighted": 8.433134060000001e-07,
  "nLLP_IsoJet": 10,
  "nLLP_IsoJet_weighted": 6.4870262e-07,
  "nLLP_IsoCharged": 13,
  "nLLP_IsoCharged_weighted": 8.433134060000001e-07,
  "nLLP_IsoAll": 10,
  "nLLP_IsoAll_weighted": 6.4870262e-07,
  "nLLP_partners": 0,
  "nLLP_partners_weighted": 0.0
}