{
  "nLLP_original": 4000,
  "nLLP_original_weighted": 0.00020981246,
  "nLLP_LLPdecay": 4000,
  "nLLP_LLPdecay_weighted": 0.00020981246,
  "nLLP_InCavern": 2849,
  "nLLP_InCavern_weighted": 0.00014943892463500002,
  "nLLP_NotInATLAS": 354,
  "nLLP_NotInATLAS_weighted": 1.856840271e-05,
  "nLLP_Geometry": 33,
  "nLLP_Geometry_weighted": 1.730952795e-06,
  "nLLP_Tracker": 33,
  "nLLP_Tracker_weighted": 1.730952795e-06,
  "nLLP_MET": 31,
  "nLLP_MET_weighted": 1.626046565e-06,
  "nLLP_IsoJet": 30,
  "nLLP_IsoJet_weighted": 1.57359345e-06,
  "nLLP_IsoCharged": 31,
  "nLLP_IsoCharged_weighted": 1.626046565e-06,
  "nLLP_IsoAll": 30,
  "nLLP_IsoAll_weighted": 1.57359345e-06,
  "nLLP_partners": 6,
  "nLLP_partners_weighted": 3.1471869e-07
}