{
  "nLLP_original": 4000,
  "nLLP_original_weighted": 0.00025962491999999987,
  "nLLP_LLPdecay": 4000,
  "nLLP_LLPdecay_weighted": 0.00025962491999999987,
  "nLLP_InCavern": 1891,
  "nLLP_InCavern_weighted": 0.00012273768092999995,
  "nLLP_NotInATLAS": 636,
  "nLLP_NotInATLAS_weighted": 4.1280362279999997e-05,
  "nLLP_Geometry": 132,
  "nLLP_Geometry_weighted": 8.56762236e-06,
  "nLLP_Tracker": 132,
  "nLLP_Tracker_weighted": 8.56762236e-06,
  "nLLP_MET": 64,
  "nLLP_MET_weighted": 4.15399872e-06,
  "nLLP_IsoJet": 51,
  "nLLP_IsoJet_weighted": 3.31021773e-06,
  "nLLP_IsoCharged": 64,
  "nLLP_IsoCharged_weighted": 4.15399872e-06,
  "nLLP_IsoAll": 51,
  "nLLP_IsoAll_weighted": 3.31021773e-06,
  "nLLP_partners": 2,
  "nLLP_partners_weighted": 1.2981246e-07
}