{
  "nLLP_original": 4000,
  "nLLP_original_weighted": 0.0002906383960000001,
  "nLLP_LLPdecay": 4000,
  "nLLP_LLPdecay_weighted": 0.0002906383960000001,
  "nLLP_InCavern": 426,
  "nLLP_InCavern_weighted": 3.095298917400001e-05,
  "nLLP_NotInATLAS": 192,
  "nLLP_NotInATLAS_weighted": 1.3950643008000003e-05,
  "nLLP_Geometry": 36,
  "nLLP_Geometry_weighted": 2.6157455639999995e-06,
  "nLLP_Tracker": 36,
  "nLLP_Tracker_weighted": 2.6157455639999995e-06,
  "nLLP_MET": 17,
  "nLLP_MET_weighted": 1.2352131830000001e-06,
  "nLLP_IsoJet": 16,
  "nLLP_IsoJet_weighted": 1.162553584e-06,
  "nLLP_IsoCharged": 17,
  "nLLP_IsoCharged_weighted": 1.2352131830000001e-06,
  "nLLP_IsoAll": 16,
  "nLLP_IsoAll_weighted": 1.162553584e-06,
  "nLLP_partners": 0,
  "nLLP_partners_weighted": 0.0
}