{
  "nLLP_original": 4000,
  "nLLP_original_weighted": 0.00012435177600000002,
  "nLLP_LLPdecay": 4000,
  "nLLP_LLPdecay_weighted": 0.00012435177600000002,
  "nLLP_InCavern": 854,
  "nLLP_InCavern_weighted": 2.6549104176e-05,
  "nLLP_NotInATLAS": 369,
  "nLLP_NotInATLAS_weighted": 1.1471451336e-05,
  "nLLP_Geometry": 86,
  "nLLP_Geometry_weighted": 2.6735631839999996e-06,
  "nLLP_Tracker": 17,
  "nLLP_Tracker_weighted": 5.28495048e-07,
  "nLLP_MET": 10,
  "nLLP_MET_weighted": 3.1087944e-07,
  "nLLP_IsoJet": 7,
  "nLLP_IsoJet_weighted": 2.1761560800000002e-07,
  "nLLP_IsoCharged": 9,
  "nLLP_IsoCharged_weighted": 2.79791496e-07,
  "nLLP_IsoAll": 7,
  "nLLP_IsoAll_weighted": 2.1761560800000002e-07,
  "nLLP_partners": 0,
  "nLLP_partners_weighted": 0.0
}