{
  "nLLP_original": 1956,
  "nLLP_original_weighted": 0.00015179100638399996,
  "nLLP_LLPdecay": 1956,
  "nLLP_LLPdecay_weighted": 0.00015179100638399996,
  "nLLP_InCavern": 23,
  "nLLP_InCavern_weighted": 1.7848635719999998e-06,
  "nLLP_NotInATLAS": 12,
  "nLLP_NotInATLAS_weighted": 9.312331679999999e-07,
  "nLLP_Geometry": 3,
  "nLLP_Geometry_weighted": 2.32808292e-07,
  "nLLP_Tracker": 3,
  "nLLP_Tracker_weighted": 2.32808292e-07,
  "nLLP_MET": 3,
  "nLLP_MET_weighted": 2.32808292e-07,
  "nLLP_IsoJet": 2,
  "nLLP_IsoJet_weighted": 1.55205528e-07,
  "nLLP_IsoCharged": 3,
  "nLLP_IsoCharged_weighted": 2.32808292e-07,
  "nLLP_IsoAll": 2,
  "nLLP_IsoAll_weighted": 1.55205528e-07,
  "nLLP_partners": 0,
  "nLLP_partners_weighted": 0.0
}