{
  "nLLP_original": 4000,
  "nLLP_original_weighted": 0.00012435177600000002,
  "nLLP_LLPdecay": 4000,
  "nLLP_LLPdecay_weighted": 0.00012435177600000002,
  "nLLP_InCavern": 112,
  "nLLP_InCavern_weighted": 3.4818497280000002e-06,
  "nLLP_NotInATLAS": 59,
  "nLLP_NotInATLAS_weighted": 1.8341886959999998e-06,
  "nLLP_Geometry": 18,
  "nLLP_Geometry_weighted": 5.59582992e-07,
  "nLLP_Tracker": 3,
  "nLLP_Tracker_weighted": 9.3263832e-08,
  "nLLP_MET": 2,
  "nLLP_MET_weighted": 6.2175888e-08,
  "nLLP_IsoJet": 2,
  "nLLP_IsoJet_weighted": 6.2175888e-08,
  "nLLP_IsoCharged": 2,
  "nLLP_IsoCharged_weighted": 6.2175888e-08,
  "nLLP_IsoAll": 2,
  "nLLP_IsoAll_weighted": 6.2175888e-08,
  "nLLP_partners": 0,
  "nLLP_partners_weighted": 0.0
}