{
  "nLLP_original": 4000,
  "nLLP_original_weighted": 0.00023227040000000005,
  "nLLP_LLPdecay": 4000,
  "nLLP_LLPdecay_weighted": 0.00023227040000000005,
  "nLLP_InCavern": 3646,
  "nLLP_InCavern_weighted": 0.00021171446960000005,
  "nLLP_NotInATLAS": 280,
  "nLLP_NotInATLAS_weighted": 1.6258928e-05,
  "nLLP_Geometry": 39,
  "nLLP_Geometry_weighted": 2.2646364000000006e-06,
  "nLLP_Tracker": 39,
  "nLLP_Tracker_weighted": 2.2646364000000006e-06,
  "nLLP_MET": 30,
  "nLLP_MET_weighted": 1.7420279999999995e-06,
  "nLLP_IsoJet": 26,
  "nLLP_IsoJet_weighted": 1.5097575999999999e-06,
  "nLLP_IsoCharged": 30,
  "nLLP_IsoCharged_weighted": 1.7420279999999995e-06,
  "nLLP_IsoAll": 26,
  "nLLP_IsoAll_weighted": 1.5097575999999999e-06,
  "nLLP_partners": 2,
  "nLLP_partners_weighted": 1.161352e-07
}