{
  "nLLP_original": 4000,
  "nLLP_original_weighted": 0.00030962465199999993,
  "nLLP_LLPdecay": 4000,
  "nLLP_LLPdecay_weighted": 0.00030962465199999993,
  "nLLP_InCavern": 50,
  "nLLP_InCavern_weighted": 3.87030815e-06,
  "nLLP_NotInATLAS": 26,
  "nLLP_NotInATLAS_weighted": 2.0125602379999996e-06,
  "nLLP_Geometry": 5,
  "nLLP_Geometry_weighted": 3.87030815e-07,
  "nLLP_Tracker": 5,
  "nLLP_Tracker_weighted": 3.87030815e-07,
  "nLLP_MET": 4,
  "nLLP_MET_weighted": 3.09624652e-07,
  "nLLP_IsoJet": 3,
  "nLLP_IsoJet_weighted": 2.3221848899999997e-07,
  "nLLP_IsoCharged": 4,
  "nLLP_IsoCharged_weighted": 3.09624652e-07,
  "nLLP_IsoAll": 3,
  "nLLP_IsoAll_weighted": 2.3221848899999997e-07,
  "nLLP_partners": 0,
  "nLLP_partners_weighted": 0.0
}