{
  "nLLP_original": 4000,
  "nLLP_original_weighted": 0.0003112915679999999,
  "nLLP_LLPdecay": 4000,
  "nLLP_LLPdecay_weighted": 0.0003112915679999999,
  "nLLP_InCavern": 521,
  "nLLP_InCavern_weighted": 4.054572673199999e-05,
  "nLLP_NotInATLAS": 217,
  "nLLP_NotInATLAS_weighted": 1.6887567563999995e-05,
  "nLLP_Geometry": 37,
  "nLLP_Geometry_weighted": 2.8794470039999997e-06,
  "nLLP_Tracker": 37,
  "nLLP_Tracker_weighted": 2.8794470039999997e-06,
  "nLLP_MET": 22,
  "nLLP_MET_weighted": 1.7121036239999997e-06,
  "nLLP_IsoJet": 16,
  "nLLP_IsoJet_weighted": 1.245166272e-06,
  "nLLP_IsoCharged": 22,
  "nLLP_IsoCharged_weighted": 1.7121036239999997e-06,
  "nLLP_IsoAll": 16,
  "nLLP_IsoAll_weighted": 1.245166272e-06,
  "nLLP_partners": 0,
  "nLLP_partners_weighted": 0.0
}