{
  "nLLP_original": 3012,
  "nLLP_original_weighted": 0.000233480101608,
  "nLLP_LLPdecay": 3012,
  "nLLP_LLPdecay_weighted": 0.000233480101608,
  "nLLP_InCavern": 395,
  "nLLP_InCavern_weighted": 3.061907043e-05,
  "nLLP_NotInATLAS": 167,
  "nLLP_NotInATLAS_weighted": 1.2945277877999997e-05,
  "nLLP_Geometry": 42,
  "nLLP_Geometry_weighted": 3.255698628e-06,
  "nLLP_Tracker": 42,
  "nLLP_Tracker_weighted": 3.255698628e-06,
  "nLLP_MET": 29,
  "nLLP_MET_weighted": 2.2479823860000006e-06,
  "nLLP_IsoJet": 21,
  "nLLP_IsoJet_weighted": 1.6278493140000005e-06,
  "nLLP_IsoCharged": 29,
  "nLLP_IsoCharged_weighted": 2.2479823860000006e-06,
  "nLLP_IsoAll": 21,
  "nLLP_IsoAll_weighted": 1.6278493140000005e-06,
  "nLLP_partners": 0,
  "nLLP_partners_weighted": 0.0
}