{
  "nLLP_original": 3474,
  "nLLP_original_weighted": 0.00026890901026200003,
  "nLLP_LLPdecay": 3474,
  "nLLP_LLPdecay_weighted": 0.00026890901026200003,
  "nLLP_InCavern": 58,
  "nLLP_InCavern_weighted": 4.489557453999999e-06,
  "nLLP_NotInATLAS": 23,
  "nLLP_NotInATLAS_weighted": 1.7803417489999992e-06,
  "nLLP_Geometry": 2,
  "nLLP_Geometry_weighted": 1.54812326e-07,
  "nLLP_Tracker": 2,
  "nLLP_Tracker_weighted": 1.54812326e-07,
  "nLLP_MET": 2,
  "nLLP_MET_weighted": 1.54812326e-07,
  "nLLP_IsoJet": 1,
  "nLLP_IsoJet_weighted": 7.7406163e-08,
  "nLLP_IsoCharged": 2,
  "nLLP_IsoCharged_weighted": 1.54812326e-07,
  "nLLP_IsoAll": 1,
  "nLLP_IsoAll_weighted": 7.7406163e-08,
  "nLLP_partners": 0,
  "nLLP_partners_weighted": 0.0
}