{
  "nLLP_original": 4000,
  "nLLP_original_weighted": 0.000309891092,
  "nLLP_LLPdecay": 4000,
  "nLLP_LLPdecay_weighted": 0.000309891092,
  "nLLP_InCavern": 504,
  "nLLP_InCavern_weighted": 3.9046277592e-05,
  "nLLP_NotInATLAS": 212,
  "nLLP_NotInATLAS_weighted": 1.6424227876000002e-05,
  "nLLP_Geometry": 38,
  "nLLP_Geometry_weighted": 2.9439653739999996e-06,
  "nLLP_Tracker": 38,
  "nLLP_Tracker_weighted": 2.9439653739999996e-06,
  "nLLP_MET": 14,
  "nLLP_MET_weighted": 1.084618822e-06,
  "nLLP_IsoJet": 11,
  "nLLP_IsoJet_weighted": 8.522005030000001e-07,
  "nLLP_IsoCharged": 14,
  "nLLP_IsoCharged_weighted": 1.084618822e-06,
  "nLLP_IsoAll": 11,
  "nLLP_IsoAll_weighted": 8.522005030000001e-07,
  "nLLP_partners": 0,
  "nLLP_partners_weighted": 0.0
}