{
  "nLLP_original": 4000,
  "nLLP_original_weighted": 0.00029156996000000005,
  "nLLP_LLPdecay": 4000,
  "nLLP_LLPdecay_weighted": 0.00029156996000000005,
  "nLLP_InCavern": 2297,
  "nLLP_InCavern_weighted": 0.00016743404953000003,
  "nLLP_NotInATLAS": 611,
  "nLLP_NotInATLAS_weighted": 4.4537311390000005e-05,
  "nLLP_Geometry": 107,
  "nLLP_Geometry_weighted": 7.799496430000002e-06,
  "nLLP_Tracker": 107,
  "nLLP_Tracker_weighted": 7.799496430000002e-06,
  "nLLP_MET": 60,
  "nLLP_MET_weighted": 4.373549400000001e-06,
  "nLLP_IsoJet": 49,
  "nLLP_IsoJet_weighted": 3.57173201e-06,
  "nLLP_IsoCharged": 60,
  "nLLP_IsoCharged_weighted": 4.373549400000001e-06,
  "nLLP_IsoAll": 49,
  "nLLP_IsoAll_weighted": 3.57173201e-06,
  "nLLP_partners": 2,
  "nLLP_partners_weighted": 1.4578498e-07
}