{
  "nLLP_original": 4000,
  "nLLP_original_weighted": 0.000290778488,
  "nLLP_LLPdecay": 4000,
  "nLLP_LLPdecay_weighted": 0.000290778488,
  "nLLP_InCavern": 413,
  "nLLP_InCavern_weighted": 3.0022878886000007e-05,
  "nLLP_NotInATLAS": 202,
  "nLLP_NotInATLAS_weighted": 1.4684313644000003e-05,
  "nLLP_Geometry": 42,
  "nLLP_Geometry_weighted": 3.0531741239999996e-06,
  "nLLP_Tracker": 42,
  "nLLP_Tracker_weighted": 3.0531741239999996e-06,
  "nLLP_MET": 22,
  "nLLP_MET_weighted": 1.5992816839999995e-06,
  "nLLP_IsoJet": 17,
  "nLLP_IsoJet_weighted": 1.2358085739999999e-06,
  "nLLP_IsoCharged": 22,
  "nLLP_IsoCharged_weighted": 1.5992816839999995e-06,
  "nLLP_IsoAll": 17,
  "nLLP_IsoAll_weighted": 1.2358085739999999e-06,
  "nLLP_partners": 0,
  "nLLP_partners_weighted": 0.0
}