{
  "nLLP_original": 4000,
  "nLLP_original_weighted": 0.0002586495680000001,
  "nLLP_LLPdecay": 4000,
  "nLLP_LLPdecay_weighted": 0.0002586495680000001,
  "nLLP_InCavern": 1909,
  "nLLP_InCavern_weighted": 0.00012344050632800006,
  "nLLP_NotInATLAS": 645,
  "nLLP_NotInATLAS_weighted": 4.170724284000002e-05,
  "nLLP_Geometry": 136,
  "nLLP_Geometry_weighted": 8.794085312000005e-06,
  "nLLP_Tracker": 136,
  "nLLP_Tracker_weighted": 8.794085312000005e-06,
  "nLLP_MET": 86,
  "nLLP_MET_weighted": 5.560965712000005e-06,
  "nLLP_IsoJet": 72,
  "nLLP_IsoJet_weighted": 4.6556922240000025e-06,
  "nLLP_IsoCharged": 85,
  "nLLP_IsoCharged_weighted": 5.496303320000005e-06,
  "nLLP_IsoAll": 72,
  "nLLP_IsoAll_weighted": 4.6556922240000025e-06,
  "nLLP_partners": 4,
  "nLLP_partners_weighted": 2.586495680000001e-07
}