{
  "nLLP_original": 4000,
  "nLLP_original_weighted": 0.0002586495680000001,
  "nLLP_LLPdecay": 4000,
  "nLLP_LLPdecay_weighted": 0.0002586495680000001,
  "nLLP_InCavern": 289,
  "nLLP_InCavern_weighted": 1.868743128800001e-05,
  "nLLP_NotInATLAS": 142,
  "nLLP_NotInATLAS_weighted": 9.182059664000006e-06,
  "nLLP_Geometry": 29,
  "nLLP_Geometry_weighted": 1.8752093680000002e-06,
  "nLLP_Tracker": 29,
  "nLLP_Tracker_weighted": 1.8752093680000002e-06,
  "nLLP_MET": 14,
  "nLLP_MET_weighted": 9.052734880000004e-07,
  "nLLP_IsoJet": 11,
  "nLLP_IsoJet_weighted": 7.112863120000003e-07,
  "nLLP_IsoCharged": 14,
  "nLLP_IsoCharged_weighted": 9.052734880000004e-07,
  "nLLP_IsoAll": 11,
  "nLLP_IsoAll_weighted": 7.112863120000003e-07,
  "nLLP_partners": 0,
  "nLLP_partners_weighted": 0.0
}