{
  "nLLP_original": 4000,
  "nLLP_original_weighted": 0.0002329944080000001,
  "nLLP_LLPdecay": 4000,
  "nLLP_LLPdecay_weighted": 0.0002329944080000001,
  "nLLP_InCavern": 3638,
  "nLLP_InCavern_weighted": 0.00021190841407600007,
  "nLLP_NotInATLAS": 274,
  "nLLP_NotInATLAS_weighted": 1.5960116948e-05,
  "nLLP_Geometry": 39,
  "nLLP_Geometry_weighted": 2.2716954780000005e-06,
  "nLLP_Tracker": 39,
  "nLLP_Tracker_weighted": 2.2716954780000005e-06,
  "nLLP_MET": 30,
  "nLLP_MET_weighted": 1.7474580600000005e-06,
  "nLLP_IsoJet": 27,
  "nLLP_IsoJet_weighted": 1.5727122540000004e-06,
  "nLLP_IsoCharged": 30,
  "nLLP_IsoCharged_weighted": 1.7474580600000005e-06,
  "nLLP_IsoAll": 27,
  "nLLP_IsoAll_weighted": 1.5727122540000004e-06,
  "nLLP_partners": 2,
  "nLLP_partners_weighted": 1.1649720400000001e-07
}