{
  "nLLP_original": 2586,
  "nLLP_original_weighted": 8.059851884400002e-05,
  "nLLP_LLPdecay": 2586,
  "nLLP_LLPdecay_weighted": 8.059851884400002e-05,
  "nLLP_InCavern": 5,
  "nLLP_InCavern_weighted": 1.5583627000000002e-07,
  "nLLP_NotInATLAS": 3,
  "nLLP_NotInATLAS_weighted": 9.350176200000002e-08,
  "nLLP_Geometry": 2,
  "nLLP_Geometry_weighted": 6.233450800000001e-08,
  "nLLP_Tracker": 1,
  "nLLP_Tracker_weighted": 3.1167254000000005e-08,
  "nLLP_MET": 1,
  "nLLP_MET_weighted": 3.1167254000000005e-08,
  "nLLP_IsoJet": 1,
  "nLLP_IsoJet_weighted": 3.1167254000000005e-08,
  "nLLP_IsoCharged": 1,
  "nLLP_IsoCharged_weighted": 3.1167254000000005e-08,
  "nLLP_IsoAll": 1,
  "nLLP_IsoAll_weighted": 3.1167254000000005e-08,
  "nLLP_partners": 0,
  "nLLP_partners_weighted": 0.0
}