{
  "nLLP_original": 1142,
  "nLLP_original_weighted": 6.0212940114000006e-05,
  "nLLP_LLPdecay": 1142,
  "nLLP_LLPdecay_weighted": 6.0212940114000006e-05,
  "nLLP_InCavern": 770,
  "nLLP_InCavern_weighted": 4.0598917589999995e-05,
  "nLLP_NotInATLAS": 98,
  "nLLP_NotInATLAS_weighted": 5.167134966e-06,
  "nLLP_Geometry": 11,
  "nLLP_Geometry_weighted": 5.79984537e-07,
  "nLLP_Tracker": 11,
  "nLLP_Tracker_weighted": 5.79984537e-07,
  "nLLP_MET": 9,
  "nLLP_MET_weighted": 4.7453280300000006e-07,
  "nLLP_IsoJet": 7,
  "nLLP_IsoJet_weighted": 3.6908106900000003e-07,
  "nLLP_IsoCharged": 9,
  "nLLP_IsoCharged_weighted": 4.7453280300000006e-07,
  "nLLP_IsoAll": 7,
  "nLLP_IsoAll_weighted": 3.6908106900000003e-07,
  "nLLP_partners": 0,
  "nLLP_partners_weighted": 0.0
}