{
  "nLLP_original": 3574,
  "nLLP_original_weighted": 0.000260276149712,
  "nLLP_LLPdecay": 3574,
  "nLLP_LLPdecay_weighted": 0.000260276149712,
  "nLLP_InCavern": 2040,
  "nLLP_InCavern_weighted": 0.00014856277152000002,
  "nLLP_NotInATLAS": 570,
  "nLLP_NotInATLAS_weighted": 4.151018616e-05,
  "nLLP_Geometry": 97,
  "nLLP_Geometry_weighted": 7.064014136000001e-06,
  "nLLP_Tracker": 97,
  "nLLP_Tracker_weighted": 7.064014136000001e-06,
  "nLLP_MET": 55,
  "nLLP_MET_weighted": 4.0053688399999994e-06,
  "nLLP_IsoJet": 40,
  "nLLP_IsoJet_weighted": 2.9129955199999997e-06,
  "nLLP_IsoCharged": 55,
  "nLLP_IsoCharged_weighted": 4.0053688399999994e-06,
  "nLLP_IsoAll": 40,
  "nLLP_IsoAll_weighted": 2.9129955199999997e-06,
  "nLLP_partners": 0,
  "nLLP_partners_weighted": 0.0
}