{
  "nLLP_original": 3254,
  "nLLP_original_weighted": 0.00017608155761400003,
  "nLLP_LLPdecay": 3254,
  "nLLP_LLPdecay_weighted": 0.00017608155761400003,
  "nLLP_InCavern": 2547,
  "nLLP_InCavern_weighted": 0.00013782413252700005,
  "nLLP_NotInATLAS": 496,
  "nLLP_NotInATLAS_weighted": 2.6839721136000007e-05,
  "nLLP_Geometry": 73,
  "nLLP_Geometry_weighted": 3.9502008930000005e-06,
  "nLLP_Tracker": 73,
  "nLLP_Tracker_weighted": 3.9502008930000005e-06,
  "nLLP_MET": 42,
  "nLLP_MET_weighted": 2.2727183219999996e-06,
  "nLLP_IsoJet": 36,
  "nLLP_IsoJet_weighted": 1.948044276e-06,
  "nLLP_IsoCharged": 42,
  "nLLP_IsoCharged_weighted": 2.2727183219999996e-06,
  "nLLP_IsoAll": 36,
  "nLLP_IsoAll_weighted": 1.948044276e-06,
  "nLLP_partners": 0,
  "nLLP_partners_weighted": 0.0
}