{
  "nLLP_original": 4000,
  "nLLP_original_weighted": 0.00029156996000000005,
  "nLLP_LLPdecay": 4000,
  "nLLP_LLPdecay_weighted": 0.00029156996000000005,
  "nLLP_InCavern": 402,
  "nLLP_InCavern_weighted": 2.930278098000001e-05,
  "nLLP_NotInATLAS": 160,
  "nLLP_NotInATLAS_weighted": 1.1662798400000002e-05,
  "nLLP_Geometry": 34,
  "nLLP_Geometry_weighted": 2.47834466e-06,
  "nLLP_Tracker": 34,
  "nLLP_Tracker_weighted": 2.47834466e-06,
  "nLLP_MET": 16,
  "nLLP_MET_weighted": 1.16627984e-06,
  "nLLP_IsoJet": 15,
  "nLLP_IsoJet_weighted": 1.0933873500000003e-06,
  "nLLP_IsoCharged": 16,
  "nLLP_IsoCharged_weighted": 1.16627984e-06,
  "nLLP_IsoAll": 15,
  "nLLP_IsoAll_weighted": 1.0933873500000003e-06,
  "nLLP_partners": 0,
  "nLLP_partners_weighted": 0.0
}