{
  "nLLP_original": 4000,
  "nLLP_original_weighted": 0.00021624659600000007,
  "nLLP_LLPdecay": 4000,
  "nLLP_LLPdecay_weighted": 0.00021624659600000007,
  "nLLP_InCavern": 848,
  "nLLP_InCavern_weighted": 4.584427835200001e-05,
  "nLLP_NotInATLAS": 390,
  "nLLP_NotInATLAS_weighted": 2.1084043110000006e-05,
  "nLLP_Geometry": 102,
  "nLLP_Geometry_weighted": 5.514288198000002e-06,
  "nLLP_Tracker": 102,
  "nLLP_Tracker_weighted": 5.514288198000002e-06,
  "nLLP_MET": 51,
  "nLLP_MET_weighted": 2.7571440990000007e-06,
  "nLLP_IsoJet": 35,
  "nLLP_IsoJet_weighted": 1.892157715e-06,
  "nLLP_IsoCharged": 51,
  "nLLP_IsoCharged_weighted": 2.7571440990000007e-06,
  "nLLP_IsoAll": 35,
  "nLLP_IsoAll_weighted": 1.892157715e-06,
  "nLLP_partners": 0,
  "nLLP_partners_weighted": 0.0
}