{
  "nLLP_original": 4000,
  "nLLP_original_weighted": 0.000290778488,
  "nLLP_LLPdecay": 4000,
  "nLLP_LLPdecay_weighted": 0.000290778488,
  "nLLP_InCavern": 2258,
  "nLLP_InCavern_weighted": 0.000164144456476,
  "nLLP_NotInATLAS": 629,
  "nLLP_NotInATLAS_weighted": 4.5724917238e-05,
  "nLLP_Geometry": 124,
  "nLLP_Geometry_weighted": 9.014133128000001e-06,
  "nLLP_Tracker": 124,
  "nLLP_Tracker_weighted": 9.014133128000001e-06,
  "nLLP_MET": 75,
  "nLLP_MET_weighted": 5.452096650000001e-06,
  "nLLP_IsoJet": 60,
  "nLLP_IsoJet_weighted": 4.361677320000001e-06,
  "nLLP_IsoCharged": 75,
  "nLLP_IsoCharged_weighted": 5.452096650000001e-06,
  "nLLP_IsoAll": 60,
  "nLLP_IsoAll_weighted": 4.361677320000001e-06,
  "nLLP_partners": 2,
  "nLLP_partners_weighted": 1.45389244e-07
}