{
  "nLLP_original": 3794,
  "nLLP_original_weighted": 0.00022056630325800007,
  "nLLP_LLPdecay": 3794,
  "nLLP_LLPdecay_weighted": 0.00022056630325800007,
  "nLLP_InCavern": 1396,
  "nLLP_InCavern_weighted": 8.1157237572e-05,
  "nLLP_NotInATLAS": 568,
  "nLLP_NotInATLAS_weighted": 3.3020996375999996e-05,
  "nLLP_Geometry": 108,
  "nLLP_Geometry_weighted": 6.278640156e-06,
  "nLLP_Tracker": 108,
  "nLLP_Tracker_weighted": 6.278640156e-06,
  "nLLP_MET": 58,
  "nLLP_MET_weighted": 3.371862306e-06,
  "nLLP_IsoJet": 45,
  "nLLP_IsoJet_weighted": 2.6161000650000004e-06,
  "nLLP_IsoCharged": 58,
  "nLLP_IsoCharged_weighted": 3.371862306e-06,
  "nLLP_IsoAll": 45,
  "nLLP_IsoAll_weighted": 2.6161000650000004e-06,
  "nLLP_partners": 0,
  "nLLP_partners_weighted": 0.0
}