{
  "nLLP_original": 4000,
  "nLLP_original_weighted": 0.00023227040000000005,
  "nLLP_LLPdecay": 4000,
  "nLLP_LLPdecay_weighted": 0.00023227040000000005,
  "nLLP_InCavern": 1418,
  "nLLP_InCavern_weighted": 8.233985680000002e-05,
  "nLLP_NotInATLAS": 554,
  "nLLP_NotInATLAS_weighted": 3.21694504e-05,
  "nLLP_Geometry": 130,
  "nLLP_Geometry_weighted": 7.548788000000001e-06,
  "nLLP_Tracker": 130,
  "nLLP_Tracker_weighted": 7.548788000000001e-06,
  "nLLP_MET": 73,
  "nLLP_MET_weighted": 4.2389348e-06,
  "nLLP_IsoJet": 61,
  "nLLP_IsoJet_weighted": 3.542123600000001e-06,
  "nLLP_IsoCharged": 72,
  "nLLP_IsoCharged_weighted": 4.1808672000000005e-06,
  "nLLP_IsoAll": 61,
  "nLLP_IsoAll_weighted": 3.542123600000001e-06,
  "nLLP_partners": 0,
  "nLLP_partners_weighted": 0.0
}