{
  "nLLP_original": 4000,
  "nLLP_original_weighted": 0.00012451880000000003,
  "nLLP_LLPdecay": 4000,
  "nLLP_LLPdecay_weighted": 0.00012451880000000003,
  "nLLP_InCavern": 823,
  "nLLP_InCavern_weighted": 2.561974310000001e-05,
  "nLLP_NotInATLAS": 358,
  "nLLP_NotInATLAS_weighted": 1.1144432600000003e-05,
  "nLLP_Geometry": 78,
  "nLLP_Geometry_weighted": 2.4281166000000014e-06,
  "nLLP_Tracker": 17,
  "nLLP_Tracker_weighted": 5.292048999999999e-07,
  "nLLP_MET": 10,
  "nLLP_MET_weighted": 3.11297e-07,
  "nLLP_IsoJet": 8,
  "nLLP_IsoJet_weighted": 2.490376e-07,
  "nLLP_IsoCharged": 10,
  "nLLP_IsoCharged_weighted": 3.11297e-07,
  "nLLP_IsoAll": 8,
  "nLLP_IsoAll_weighted": 2.490376e-07,
  "nLLP_partners": 0,
  "nLLP_partners_weighted": 0.0
}