{
  "nLLP_original": 4000,
  "nLLP_original_weighted": 0.0002325422280000001,
  "nLLP_LLPdecay": 4000,
  "nLLP_LLPdecay_weighted": 0.0002325422280000001,
  "nLLP_InCavern": 3609,
  "nLLP_InCavern_weighted": 0.00020981122521300006,
  "nLLP_NotInATLAS": 276,
  "nLLP_NotInATLAS_weighted": 1.6045413731999997e-05,
  "nLLP_Geometry": 44,
  "nLLP_Geometry_weighted": 2.5579645080000003e-06,
  "nLLP_Tracker": 44,
  "nLLP_Tracker_weighted": 2.5579645080000003e-06,
  "nLLP_MET": 37,
  "nLLP_MET_weighted": 2.1510156090000004e-06,
  "nLLP_IsoJet": 33,
  "nLLP_IsoJet_weighted": 1.9184733810000002e-06,
  "nLLP_IsoCharged": 37,
  "nLLP_IsoCharged_weighted": 2.1510156090000004e-06,
  "nLLP_IsoAll": 33,
  "nLLP_IsoAll_weighted": 1.9184733810000002e-06,
  "nLLP_partners": 0,
  "nLLP_partners_weighted": 0.0
}