{
  "nLLP_original": 4000,
  "nLLP_original_weighted": 0.000290390256,
  "nLLP_LLPdecay": 4000,
  "nLLP_LLPdecay_weighted": 0.000290390256,
  "nLLP_InCavern": 2306,
  "nLLP_InCavern_weighted": 0.00016740998258400001,
  "nLLP_NotInATLAS": 647,
  "nLLP_NotInATLAS_weighted": 4.6970623908000004e-05,
  "nLLP_Geometry": 119,
  "nLLP_Geometry_weighted": 8.639110116e-06,
  "nLLP_Tracker": 119,
  "nLLP_Tracker_weighted": 8.639110116e-06,
  "nLLP_MET": 78,
  "nLLP_MET_weighted": 5.6626099920000005e-06,
  "nLLP_IsoJet": 58,
  "nLLP_IsoJet_weighted": 4.210658712e-06,
  "nLLP_IsoCharged": 78,
  "nLLP_IsoCharged_weighted": 5.6626099920000005e-06,
  "nLLP_IsoAll": 58,
  "nLLP_IsoAll_weighted": 4.210658712e-06,
  "nLLP_partners": 0,
  "nLLP_partners_weighted": 0.0
}