{
  "nLLP_original": 2014,
  "nLLP_original_weighted": 0.00013046136136,
  "nLLP_LLPdecay": 2014,
  "nLLP_LLPdecay_weighted": 0.00013046136136,
  "nLLP_InCavern": 1908,
  "nLLP_InCavern_weighted": 0.00012359497392000002,
  "nLLP_NotInATLAS": 73,
  "nLLP_NotInATLAS_weighted": 4.728738520000001e-06,
  "nLLP_Geometry": 4,
  "nLLP_Geometry_weighted": 2.5910896e-07,
  "nLLP_Tracker": 4,
  "nLLP_Tracker_weighted": 2.5910896e-07,
  "nLLP_MET": 3,
  "nLLP_MET_weighted": 1.9433171999999999e-07,
  "nLLP_IsoJet": 2,
  "nLLP_IsoJet_weighted": 1.2955448e-07,
  "nLLP_IsoCharged": 3,
  "nLLP_IsoCharged_weighted": 1.9433171999999999e-07,
  "nLLP_IsoAll": 2,
  "nLLP_IsoAll_weighted": 1.2955448e-07,
  "nLLP_partners": 0,
  "nLLP_partners_weighted": 0.0
}