{
  "nLLP_original": 2900,
  "nLLP_original_weighted": 0.00021140268330000007,
  "nLLP_LLPdecay": 2900,
  "nLLP_LLPdecay_weighted": 0.00021140268330000007,
  "nLLP_InCavern": 313,
  "nLLP_InCavern_weighted": 2.2816910301000004e-05,
  "nLLP_NotInATLAS": 146,
  "nLLP_NotInATLAS_weighted": 1.0643031642000002e-05,
  "nLLP_Geometry": 33,
  "nLLP_Geometry_weighted": 2.4056167410000004e-06,
  "nLLP_Tracker": 33,
  "nLLP_Tracker_weighted": 2.4056167410000004e-06,
  "nLLP_MET": 14,
  "nLLP_MET_weighted": 1.0205646780000002e-06,
  "nLLP_IsoJet": 11,
  "nLLP_IsoJet_weighted": 8.018722470000002e-07,
  "nLLP_IsoCharged": 14,
  "nLLP_IsoCharged_weighted": 1.0205646780000002e-06,
  "nLLP_IsoAll": 11,
  "nLLP_IsoAll_weighted": 8.018722470000002e-07,
  "nLLP_partners": 0,
  "nLLP_partners_weighted": 0.0
}