{
  "nLLP_original": 4000,
  "nLLP_original_weighted": 0.00031022313200000016,
  "nLLP_LLPdecay": 4000,
  "nLLP_LLPdecay_weighted": 0.00031022313200000016,
  "nLLP_InCavern": 2522,
  "nLLP_InCavern_weighted": 0.00019559568472600003,
  "nLLP_NotInATLAS": 525,
  "nLLP_NotInATLAS_weighted": 4.071678607500002e-05,
  "nLLP_Geometry": 88,
  "nLLP_Geometry_weighted": 6.8249089040000015e-06,
  "nLLP_Tracker": 88,
  "nLLP_Tracker_weighted": 6.8249089040000015e-06,
  "nLLP_MET": 57,
  "nLLP_MET_weighted": 4.420679631000001e-06,
  "nLLP_IsoJet": 51,
  "nLLP_IsoJet_weighted": 3.955344933000001e-06,
  "nLLP_IsoCharged": 57,
  "nLLP_IsoCharged_weighted": 4.420679631000001e-06,
  "nLLP_IsoAll": 51,
  "nLLP_IsoAll_weighted": 3.955344933000001e-06,
  "nLLP_partners": 4,
  "nLLP_partners_weighted": 3.1022313200000007e-07
}