{
  "nLLP_original": 4000,
  "nLLP_original_weighted": 0.00023390438799999992,
  "nLLP_LLPdecay": 4000,
  "nLLP_LLPdecay_weighted": 0.00023390438799999992,
  "nLLP_InCavern": 13,
  "nLLP_InCavern_weighted": 7.601892609999998e-07,
  "nLLP_NotInATLAS": 8,
  "nLLP_NotInATLAS_weighted": 4.6780877600000006e-07,
  "nLLP_Geometry": 1,
  "nLLP_Geometry_weighted": 5.847609700000001e-08,
  "nLLP_Tracker": 1,
  "nLLP_Tracker_weighted": 5.847609700000001e-08,
  "nLLP_MET": 1,
  "nLLP_MET_weighted": 5.847609700000001e-08,
  "nLLP_IsoJet": 0,
  "nLLP_IsoJet_weighted": 0.0,
  "nLLP_IsoCharged": 1,
  "nLLP_IsoCharged_weighted": 5.847609700000001e-08,
  "nLLP_IsoAll": 0,
  "nLLP_IsoAll_weighted": 0.0,
  "nLLP_partners": 0,
  "nLLP_partners_weighted": 0.0
}