{
  "nLLP_original": 4000,
  "nLLP_original_weighted": 0.000209701564,
  "nLLP_LLPdecay": 4000,
  "nLLP_LLPdecay_weighted": 0.000209701564,
  "nLLP_InCavern": 3935,
  "nLLP_InCavern_weighted": 0.00020629391358500002,
  "nLLP_NotInATLAS": 39,
  "nLLP_NotInATLAS_weighted": 2.044590249e-06,
  "nLLP_Geometry": 2,
  "nLLP_Geometry_weighted": 1.0485078200000001e-07,
  "nLLP_Tracker": 2,
  "nLLP_Tracker_weighted": 1.0485078200000001e-07,
  "nLLP_MET": 2,
  "nLLP_MET_weighted": 1.0485078200000001e-07,
  "nLLP_IsoJet": 2,
  "nLLP_IsoJet_weighted": 1.0485078200000001e-07,
  "nLLP_IsoCharged": 2,
  "nLLP_IsoCharged_weighted": 1.0485078200000001e-07,
  "nLLP_IsoAll": 2,
  "nLLP_IsoAll_weighted": 1.0485078200000001e-07,
  "nLLP_partners": 0,
  "nLLP_partners_weighted": 0.0
}