{
  "nLLP_original": 4000,
  "nLLP_original_weighted": 0.00012444333999999996,
  "nLLP_LLPdecay": 4000,
  "nLLP_LLPdecay_weighted": 0.00012444333999999996,
  "nLLP_InCavern": 840,
  "nLLP_InCavern_weighted": 2.613310139999999e-05,
  "nLLP_NotInATLAS": 389,
  "nLLP_NotInATLAS_weighted": 1.2102114814999996e-05,
  "nLLP_Geometry": 89,
  "nLLP_Geometry_weighted": 2.7688643149999993e-06,
  "nLLP_Tracker": 15,
  "nLLP_Tracker_weighted": 4.666625249999998e-07,
  "nLLP_MET": 9,
  "nLLP_MET_weighted": 2.7999751499999995e-07,
  "nLLP_IsoJet": 6,
  "nLLP_IsoJet_weighted": 1.8666501e-07,
  "nLLP_IsoCharged": 9,
  "nLLP_IsoCharged_weighted": 2.7999751499999995e-07,
  "nLLP_IsoAll": 6,
  "nLLP_IsoAll_weighted": 1.8666501e-07,
  "nLLP_partners": 0,
  "nLLP_partners_weighted": 0.0
}