{
  "nLLP_original": 4000,
  "nLLP_original_weighted": 0.00021027361599999995,
  "nLLP_LLPdecay": 4000,
  "nLLP_LLPdecay_weighted": 0.00021027361599999995,
  "nLLP_InCavern": 2839,
  "nLLP_InCavern_weighted": 0.00014924169895599997,
  "nLLP_NotInATLAS": 389,
  "nLLP_NotInATLAS_weighted": 2.0449109155999998e-05,
  "nLLP_Geometry": 53,
  "nLLP_Geometry_weighted": 2.7861254119999993e-06,
  "nLLP_Tracker": 53,
  "nLLP_Tracker_weighted": 2.7861254119999993e-06,
  "nLLP_MET": 45,
  "nLLP_MET_weighted": 2.3655781799999995e-06,
  "nLLP_IsoJet": 42,
  "nLLP_IsoJet_weighted": 2.207872968e-06,
  "nLLP_IsoCharged": 45,
  "nLLP_IsoCharged_weighted": 2.3655781799999995e-06,
  "nLLP_IsoAll": 42,
  "nLLP_IsoAll_weighted": 2.207872968e-06,
  "nLLP_partners": 8,
  "nLLP_partners_weighted": 4.2054723200000006e-07
}