{
  "nLLP_original": 4000,
  "nLLP_original_weighted": 0.00023390438799999992,
  "nLLP_LLPdecay": 4000,
  "nLLP_LLPdecay_weighted": 0.00023390438799999992,
  "nLLP_InCavern": 3615,
  "nLLP_InCavern_weighted": 0.00021139109065499996,
  "nLLP_NotInATLAS": 275,
  "nLLP_NotInATLAS_weighted": 1.6080926675e-05,
  "nLLP_Geometry": 30,
  "nLLP_Geometry_weighted": 1.75428291e-06,
  "nLLP_Tracker": 30,
  "nLLP_Tracker_weighted": 1.75428291e-06,
  "nLLP_MET": 22,
  "nLLP_MET_weighted": 1.2864741339999999e-06,
  "nLLP_IsoJet": 19,
  "nLLP_IsoJet_weighted": 1.111045843e-06,
  "nLLP_IsoCharged": 22,
  "nLLP_IsoCharged_weighted": 1.2864741339999999e-06,
  "nLLP_IsoAll": 19,
  "nLLP_IsoAll_weighted": 1.111045843e-06,
  "nLLP_partners": 0,
  "nLLP_partners_weighted": 0.0
}