{
  "nLLP_original": 4000,
  "nLLP_original_weighted": 0.000310173036,
  "nLLP_LLPdecay": 4000,
  "nLLP_LLPdecay_weighted": 0.000310173036,
  "nLLP_InCavern": 2591,
  "nLLP_InCavern_weighted": 0.000200914584069,
  "nLLP_NotInATLAS": 570,
  "nLLP_NotInATLAS_weighted": 4.419965763e-05,
  "nLLP_Geometry": 85,
  "nLLP_Geometry_weighted": 6.591177015e-06,
  "nLLP_Tracker": 85,
  "nLLP_Tracker_weighted": 6.591177015e-06,
  "nLLP_MET": 56,
  "nLLP_MET_weighted": 4.342422504e-06,
  "nLLP_IsoJet": 46,
  "nLLP_IsoJet_weighted": 3.566989914e-06,
  "nLLP_IsoCharged": 56,
  "nLLP_IsoCharged_weighted": 4.342422504e-06,
  "nLLP_IsoAll": 46,
  "nLLP_IsoAll_weighted": 3.566989914e-06,
  "nLLP_partners": 2,
  "nLLP_partners_weighted": 1.55086518e-07
}