{
  "nLLP_original": 4000,
  "nLLP_original_weighted": 0.00023275923600000003,
  "nLLP_LLPdecay": 4000,
  "nLLP_LLPdecay_weighted": 0.00023275923600000003,
  "nLLP_InCavern": 3644,
  "nLLP_InCavern_weighted": 0.00021204366399600003,
  "nLLP_NotInATLAS": 270,
  "nLLP_NotInATLAS_weighted": 1.5711248430000004e-05,
  "nLLP_Geometry": 31,
  "nLLP_Geometry_weighted": 1.8038840789999993e-06,
  "nLLP_Tracker": 31,
  "nLLP_Tracker_weighted": 1.8038840789999993e-06,
  "nLLP_MET": 22,
  "nLLP_MET_weighted": 1.2801757979999995e-06,
  "nLLP_IsoJet": 20,
  "nLLP_IsoJet_weighted": 1.1637961799999997e-06,
  "nLLP_IsoCharged": 22,
  "nLLP_IsoCharged_weighted": 1.2801757979999995e-06,
  "nLLP_IsoAll": 20,
  "nLLP_IsoAll_weighted": 1.1637961799999997e-06,
  "nLLP_partners": 0,
  "nLLP_partners_weighted": 0.0
}