{
  "nLLP_original": 4000,
  "nLLP_original_weighted": 0.00023390438799999992,
  "nLLP_LLPdecay": 4000,
  "nLLP_LLPdecay_weighted": 0.00023390438799999992,
  "nLLP_InCavern": 189,
  "nLLP_InCavern_weighted": 1.1051982333000001e-05,
  "nLLP_NotInATLAS": 88,
  "nLLP_NotInATLAS_weighted": 5.1458965359999994e-06,
  "nLLP_Geometry": 27,
  "nLLP_Geometry_weighted": 1.578854619e-06,
  "nLLP_Tracker": 27,
  "nLLP_Tracker_weighted": 1.578854619e-06,
  "nLLP_MET": 13,
  "nLLP_MET_weighted": 7.601892609999998e-07,
  "nLLP_IsoJet": 10,
  "nLLP_IsoJet_weighted": 5.8476097e-07,
  "nLLP_IsoCharged": 13,
  "nLLP_IsoCharged_weighted": 7.601892609999998e-07,
  "nLLP_IsoAll": 10,
  "nLLP_IsoAll_weighted": 5.8476097e-07,
  "nLLP_partners": 0,
  "nLLP_partners_weighted": 0.0
}