{
  "nLLP_original": 4000,
  "nLLP_original_weighted": 0.00029156996000000005,
  "nLLP_LLPdecay": 4000,
  "nLLP_LLPdecay_weighted": 0.00029156996000000005,
  "nLLP_InCavern": 389,
  "nLLP_InCavern_weighted": 2.835517861000001e-05,
  "nLLP_NotInATLAS": 170,
  "nLLP_NotInATLAS_weighted": 1.2391723300000003e-05,
  "nLLP_Geometry": 40,
  "nLLP_Geometry_weighted": 2.9156996e-06,
  "nLLP_Tracker": 40,
  "nLLP_Tracker_weighted": 2.9156996e-06,
  "nLLP_MET": 21,
  "nLLP_MET_weighted": 1.5307422900000003e-06,
  "nLLP_IsoJet": 17,
  "nLLP_IsoJet_weighted": 1.2391723300000001e-06,
  "nLLP_IsoCharged": 20,
  "nLLP_IsoCharged_weighted": 1.4578498000000003e-06,
  "nLLP_IsoAll": 17,
  "nLLP_IsoAll_weighted": 1.2391723300000001e-06,
  "nLLP_partners": 0,
  "nLLP_partners_weighted": 0.0
}