{
  "nLLP_original": 4000,
  "nLLP_original_weighted": 0.0002908795079999999,
  "nLLP_LLPdecay": 4000,
  "nLLP_LLPdecay_weighted": 0.0002908795079999999,
  "nLLP_InCavern": 45,
  "nLLP_InCavern_weighted": 3.2723944650000008e-06,
  "nLLP_NotInATLAS": 17,
  "nLLP_NotInATLAS_weighted": 1.2362379089999999e-06,
  "nLLP_Geometry": 2,
  "nLLP_Geometry_weighted": 1.45439754e-07,
  "nLLP_Tracker": 2,
  "nLLP_Tracker_weighted": 1.45439754e-07,
  "nLLP_MET": 2,
  "nLLP_MET_weighted": 1.45439754e-07,
  "nLLP_IsoJet": 1,
  "nLLP_IsoJet_weighted": 7.2719877e-08,
  "nLLP_IsoCharged": 2,
  "nLLP_IsoCharged_weighted": 1.45439754e-07,
  "nLLP_IsoAll": 1,
  "nLLP_IsoAll_weighted": 7.2719877e-08,
  "nLLP_partners": 0,
  "nLLP_partners_weighted": 0.0
}