{
  "nLLP_original": 4000,
  "nLLP_original_weighted": 0.00021090346799999994,
  "nLLP_LLPdecay": 4000,
  "nLLP_LLPdecay_weighted": 0.00021090346799999994,
  "nLLP_InCavern": 2715,
  "nLLP_InCavern_weighted": 0.00014315072890499998,
  "nLLP_NotInATLAS": 375,
  "nLLP_NotInATLAS_weighted": 1.9772200125e-05,
  "nLLP_Geometry": 38,
  "nLLP_Geometry_weighted": 2.0035829460000004e-06,
  "nLLP_Tracker": 38,
  "nLLP_Tracker_weighted": 2.0035829460000004e-06,
  "nLLP_MET": 33,
  "nLLP_MET_weighted": 1.7399536110000002e-06,
  "nLLP_IsoJet": 28,
  "nLLP_IsoJet_weighted": 1.4763242760000003e-06,
  "nLLP_IsoCharged": 33,
  "nLLP_IsoCharged_weighted": 1.7399536110000002e-06,
  "nLLP_IsoAll": 28,
  "nLLP_IsoAll_weighted": 1.4763242760000003e-06,
  "nLLP_partners": 2,
  "nLLP_partners_weighted": 1.0545173400000001e-07
}