{
  "nLLP_original": 4000,
  "nLLP_original_weighted": 0.00021626378399999994,
  "nLLP_LLPdecay": 4000,
  "nLLP_LLPdecay_weighted": 0.00021626378399999994,
  "nLLP_InCavern": 104,
  "nLLP_InCavern_weighted": 5.622858383999999e-06,
  "nLLP_NotInATLAS": 43,
  "nLLP_NotInATLAS_weighted": 2.3248356779999998e-06,
  "nLLP_Geometry": 9,
  "nLLP_Geometry_weighted": 4.86593514e-07,
  "nLLP_Tracker": 9,
  "nLLP_Tracker_weighted": 4.86593514e-07,
  "nLLP_MET": 4,
  "nLLP_MET_weighted": 2.16263784e-07,
  "nLLP_IsoJet": 4,
  "nLLP_IsoJet_weighted": 2.16263784e-07,
  "nLLP_IsoCharged": 4,
  "nLLP_IsoCharged_weighted": 2.16263784e-07,
  "nLLP_IsoAll": 4,
  "nLLP_IsoAll_weighted": 2.16263784e-07,
  "nLLP_partners": 0,
  "nLLP_partners_weighted": 0.0
}