{
  "nLLP_original": 4000,
  "nLLP_original_weighted": 0.0003112915679999999,
  "nLLP_LLPdecay": 4000,
  "nLLP_LLPdecay_weighted": 0.0003112915679999999,
  "nLLP_InCavern": 526,
  "nLLP_InCavern_weighted": 4.093484119199999e-05,
  "nLLP_NotInATLAS": 197,
  "nLLP_NotInATLAS_weighted": 1.5331109723999996e-05,
  "nLLP_Geometry": 38,
  "nLLP_Geometry_weighted": 2.9572698959999997e-06,
  "nLLP_Tracker": 38,
  "nLLP_Tracker_weighted": 2.9572698959999997e-06,
  "nLLP_MET": 18,
  "nLLP_MET_weighted": 1.400812056e-06,
  "nLLP_IsoJet": 16,
  "nLLP_IsoJet_weighted": 1.245166272e-06,
  "nLLP_IsoCharged": 18,
  "nLLP_IsoCharged_weighted": 1.400812056e-06,
  "nLLP_IsoAll": 16,
  "nLLP_IsoAll_weighted": 1.245166272e-06,
  "nLLP_partners": 0,
  "nLLP_partners_weighted": 0.0
}