{
  "nLLP_original": 4000,
  "nLLP_original_weighted": 0.00020989748400000006,
  "nLLP_LLPdecay": 4000,
  "nLLP_LLPdecay_weighted": 0.00020989748400000006,
  "nLLP_InCavern": 2765,
  "nLLP_InCavern_weighted": 0.00014509163581500004,
  "nLLP_NotInATLAS": 408,
  "nLLP_NotInATLAS_weighted": 2.1409543368000006e-05,
  "nLLP_Geometry": 45,
  "nLLP_Geometry_weighted": 2.361346694999999e-06,
  "nLLP_Tracker": 45,
  "nLLP_Tracker_weighted": 2.361346694999999e-06,
  "nLLP_MET": 39,
  "nLLP_MET_weighted": 2.0465004689999997e-06,
  "nLLP_IsoJet": 31,
  "nLLP_IsoJet_weighted": 1.6267055010000002e-06,
  "nLLP_IsoCharged": 38,
  "nLLP_IsoCharged_weighted": 1.994026098e-06,
  "nLLP_IsoAll": 31,
  "nLLP_IsoAll_weighted": 1.6267055010000002e-06,
  "nLLP_partners": 6,
  "nLLP_partners_weighted": 3.14846226e-07
}