{
  "nLLP_original": 2004,
  "nLLP_original_weighted": 0.00013006829936399998,
  "nLLP_LLPdecay": 2004,
  "nLLP_LLPdecay_weighted": 0.00013006829936399998,
  "nLLP_InCavern": 925,
  "nLLP_InCavern_weighted": 6.003651542499999e-05,
  "nLLP_NotInATLAS": 318,
  "nLLP_NotInATLAS_weighted": 2.0639580438e-05,
  "nLLP_Geometry": 70,
  "nLLP_Geometry_weighted": 4.543303870000002e-06,
  "nLLP_Tracker": 70,
  "nLLP_Tracker_weighted": 4.543303870000002e-06,
  "nLLP_MET": 46,
  "nLLP_MET_weighted": 2.9855996859999998e-06,
  "nLLP_IsoJet": 34,
  "nLLP_IsoJet_weighted": 2.206747594e-06,
  "nLLP_IsoCharged": 46,
  "nLLP_IsoCharged_weighted": 2.9855996859999998e-06,
  "nLLP_IsoAll": 34,
  "nLLP_IsoAll_weighted": 2.206747594e-06,
  "nLLP_partners": 0,
  "nLLP_partners_weighted": 0.0
}