{
  "nLLP_original": 4000,
  "nLLP_original_weighted": 0.000309891092,
  "nLLP_LLPdecay": 4000,
  "nLLP_LLPdecay_weighted": 0.000309891092,
  "nLLP_InCavern": 548,
  "nLLP_InCavern_weighted": 4.2455079604000006e-05,
  "nLLP_NotInATLAS": 217,
  "nLLP_NotInATLAS_weighted": 1.6811591741000003e-05,
  "nLLP_Geometry": 38,
  "nLLP_Geometry_weighted": 2.9439653739999996e-06,
  "nLLP_Tracker": 38,
  "nLLP_Tracker_weighted": 2.9439653739999996e-06,
  "nLLP_MET": 20,
  "nLLP_MET_weighted": 1.5494554599999997e-06,
  "nLLP_IsoJet": 16,
  "nLLP_IsoJet_weighted": 1.239564368e-06,
  "nLLP_IsoCharged": 19,
  "nLLP_IsoCharged_weighted": 1.4719826869999998e-06,
  "nLLP_IsoAll": 16,
  "nLLP_IsoAll_weighted": 1.239564368e-06,
  "nLLP_partners": 0,
  "nLLP_partners_weighted": 0.0
}