{
  "nLLP_original": 3214,
  "nLLP_original_weighted": 0.00017379379421800004,
  "nLLP_LLPdecay": 3214,
  "nLLP_LLPdecay_weighted": 0.00017379379421800004,
  "nLLP_InCavern": 84,
  "nLLP_InCavern_weighted": 4.542214908e-06,
  "nLLP_NotInATLAS": 46,
  "nLLP_NotInATLAS_weighted": 2.487403401999999e-06,
  "nLLP_Geometry": 12,
  "nLLP_Geometry_weighted": 6.488878440000001e-07,
  "nLLP_Tracker": 12,
  "nLLP_Tracker_weighted": 6.488878440000001e-07,
  "nLLP_MET": 5,
  "nLLP_MET_weighted": 2.7036993500000003e-07,
  "nLLP_IsoJet": 4,
  "nLLP_IsoJet_weighted": 2.1629594800000002e-07,
  "nLLP_IsoCharged": 5,
  "nLLP_IsoCharged_weighted": 2.7036993500000003e-07,
  "nLLP_IsoAll": 4,
  "nLLP_IsoAll_weighted": 2.1629594800000002e-07,
  "nLLP_partners": 0,
  "nLLP_partners_weighted": 0.0
}