{
  "nLLP_original": 4000,
  "nLLP_original_weighted": 0.00023390438799999992,
  "nLLP_LLPdecay": 4000,
  "nLLP_LLPdecay_weighted": 0.00023390438799999992,
  "nLLP_InCavern": 3611,
  "nLLP_InCavern_weighted": 0.00021115718626699994,
  "nLLP_NotInATLAS": 260,
  "nLLP_NotInATLAS_weighted": 1.520378522e-05,
  "nLLP_Geometry": 29,
  "nLLP_Geometry_weighted": 1.695806813e-06,
  "nLLP_Tracker": 29,
  "nLLP_Tracker_weighted": 1.695806813e-06,
  "nLLP_MET": 23,
  "nLLP_MET_weighted": 1.3449502309999998e-06,
  "nLLP_IsoJet": 18,
  "nLLP_IsoJet_weighted": 1.052569746e-06,
  "nLLP_IsoCharged": 23,
  "nLLP_IsoCharged_weighted": 1.3449502309999998e-06,
  "nLLP_IsoAll": 18,
  "nLLP_IsoAll_weighted": 1.052569746e-06,
  "nLLP_partners": 0,
  "nLLP_partners_weighted": 0.0
}