{
  "nLLP_original": 1202,
  "nLLP_original_weighted": 7.0014819604e-05,
  "nLLP_LLPdecay": 1202,
  "nLLP_LLPdecay_weighted": 7.0014819604e-05,
  "nLLP_InCavern": 398,
  "nLLP_InCavern_weighted": 2.3182943596000004e-05,
  "nLLP_NotInATLAS": 163,
  "nLLP_NotInATLAS_weighted": 9.494522125999999e-06,
  "nLLP_Geometry": 42,
  "nLLP_Geometry_weighted": 2.4464412840000002e-06,
  "nLLP_Tracker": 42,
  "nLLP_Tracker_weighted": 2.4464412840000002e-06,
  "nLLP_MET": 25,
  "nLLP_MET_weighted": 1.4562150500000003e-06,
  "nLLP_IsoJet": 18,
  "nLLP_IsoJet_weighted": 1.0484748360000002e-06,
  "nLLP_IsoCharged": 25,
  "nLLP_IsoCharged_weighted": 1.4562150500000003e-06,
  "nLLP_IsoAll": 18,
  "nLLP_IsoAll_weighted": 1.0484748360000002e-06,
  "nLLP_partners": 0,
  "nLLP_partners_weighted": 0.0
}