{
  "nLLP_original": 4000,
  "nLLP_original_weighted": 0.00021090346799999994,
  "nLLP_LLPdecay": 4000,
  "nLLP_LLPdecay_weighted": 0.00021090346799999994,
  "nLLP_InCavern": 2750,
  "nLLP_InCavern_weighted": 0.00014499613425,
  "nLLP_NotInATLAS": 381,
  "nLLP_NotInATLAS_weighted": 2.0088555327e-05,
  "nLLP_Geometry": 47,
  "nLLP_Geometry_weighted": 2.478115748999999e-06,
  "nLLP_Tracker": 47,
  "nLLP_Tracker_weighted": 2.478115748999999e-06,
  "nLLP_MET": 41,
  "nLLP_MET_weighted": 2.161760547e-06,
  "nLLP_IsoJet": 36,
  "nLLP_IsoJet_weighted": 1.8981312120000004e-06,
  "nLLP_IsoCharged": 41,
  "nLLP_IsoCharged_weighted": 2.161760547e-06,
  "nLLP_IsoAll": 36,
  "nLLP_IsoAll_weighted": 1.8981312120000004e-06,
  "nLLP_partners": 4,
  "nLLP_partners_weighted": 2.1090346800000002e-07
}