{
  "nLLP_original": 1898,
  "nLLP_original_weighted": 0.00010251906358199999,
  "nLLP_LLPdecay": 1898,
  "nLLP_LLPdecay_weighted": 0.00010251906358199999,
  "nLLP_InCavern": 1508,
  "nLLP_InCavern_weighted": 8.145350257199999e-05,
  "nLLP_NotInATLAS": 282,
  "nLLP_NotInATLAS_weighted": 1.5232021037999999e-05,
  "nLLP_Geometry": 50,
  "nLLP_Geometry_weighted": 2.70071295e-06,
  "nLLP_Tracker": 50,
  "nLLP_Tracker_weighted": 2.70071295e-06,
  "nLLP_MET": 25,
  "nLLP_MET_weighted": 1.350356475e-06,
  "nLLP_IsoJet": 20,
  "nLLP_IsoJet_weighted": 1.08028518e-06,
  "nLLP_IsoCharged": 25,
  "nLLP_IsoCharged_weighted": 1.350356475e-06,
  "nLLP_IsoAll": 20,
  "nLLP_IsoAll_weighted": 1.08028518e-06,
  "nLLP_partners": 0,
  "nLLP_partners_weighted": 0.0
}