{
  "nLLP_original": 4000,
  "nLLP_original_weighted": 0.00020997197200000006,
  "nLLP_LLPdecay": 4000,
  "nLLP_LLPdecay_weighted": 0.00020997197200000006,
  "nLLP_InCavern": 719,
  "nLLP_InCavern_weighted": 3.7742461967000006e-05,
  "nLLP_NotInATLAS": 268,
  "nLLP_NotInATLAS_weighted": 1.4068122124000004e-05,
  "nLLP_Geometry": 37,
  "nLLP_Geometry_weighted": 1.942240741e-06,
  "nLLP_Tracker": 37,
  "nLLP_Tracker_weighted": 1.942240741e-06,
  "nLLP_MET": 22,
  "nLLP_MET_weighted": 1.1548458460000002e-06,
  "nLLP_IsoJet": 15,
  "nLLP_IsoJet_weighted": 7.873948950000002e-07,
  "nLLP_IsoCharged": 22,
  "nLLP_IsoCharged_weighted": 1.1548458460000002e-06,
  "nLLP_IsoAll": 15,
  "nLLP_IsoAll_weighted": 7.873948950000002e-07,
  "nLLP_partners": 2,
  "nLLP_partners_weighted": 1.0498598600000001e-07
}