{
  "nLLP_original": 4000,
  "nLLP_original_weighted": 0.00021624659600000007,
  "nLLP_LLPdecay": 4000,
  "nLLP_LLPdecay_weighted": 0.00021624659600000007,
  "nLLP_InCavern": 795,
  "nLLP_InCavern_weighted": 4.297901095500001e-05,
  "nLLP_NotInATLAS": 339,
  "nLLP_NotInATLAS_weighted": 1.8326899011000003e-05,
  "nLLP_Geometry": 91,
  "nLLP_Geometry_weighted": 4.919610059000001e-06,
  "nLLP_Tracker": 91,
  "nLLP_Tracker_weighted": 4.919610059000001e-06,
  "nLLP_MET": 47,
  "nLLP_MET_weighted": 2.5408975030000013e-06,
  "nLLP_IsoJet": 30,
  "nLLP_IsoJet_weighted": 1.62184947e-06,
  "nLLP_IsoCharged": 46,
  "nLLP_IsoCharged_weighted": 2.486835854000001e-06,
  "nLLP_IsoAll": 30,
  "nLLP_IsoAll_weighted": 1.62184947e-06,
  "nLLP_partners": 0,
  "nLLP_partners_weighted": 0.0
}