{
  "nLLP_original": 4000,
  "nLLP_original_weighted": 0.00021605703599999996,
  "nLLP_LLPdecay": 4000,
  "nLLP_LLPdecay_weighted": 0.00021605703599999996,
  "nLLP_InCavern": 829,
  "nLLP_InCavern_weighted": 4.4777820710999996e-05,
  "nLLP_NotInATLAS": 349,
  "nLLP_NotInATLAS_weighted": 1.8850976390999997e-05,
  "nLLP_Geometry": 84,
  "nLLP_Geometry_weighted": 4.5371977559999994e-06,
  "nLLP_Tracker": 84,
  "nLLP_Tracker_weighted": 4.5371977559999994e-06,
  "nLLP_MET": 48,
  "nLLP_MET_weighted": 2.592684432e-06,
  "nLLP_IsoJet": 38,
  "nLLP_IsoJet_weighted": 2.052541842e-06,
  "nLLP_IsoCharged": 47,
  "nLLP_IsoCharged_weighted": 2.538670173e-06,
  "nLLP_IsoAll": 38,
  "nLLP_IsoAll_weighted": 2.052541842e-06,
  "nLLP_partners": 0,
  "nLLP_partners_weighted": 0.0
}