{
  "nLLP_original": 4000,
  "nLLP_original_weighted": 0.00021027361599999995,
  "nLLP_LLPdecay": 4000,
  "nLLP_LLPdecay_weighted": 0.00021027361599999995,
  "nLLP_InCavern": 9,
  "nLLP_InCavern_weighted": 4.7311563600000004e-07,
  "nLLP_NotInATLAS": 5,
  "nLLP_NotInATLAS_weighted": 2.6284202e-07,
  "nLLP_Geometry": 2,
  "nLLP_Geometry_weighted": 1.0513680800000002e-07,
  "nLLP_Tracker": 2,
  "nLLP_Tracker_weighted": 1.0513680800000002e-07,
  "nLLP_MET": 1,
  "nLLP_MET_weighted": 5.256840400000001e-08,
  "nLLP_IsoJet": 0,
  "nLLP_IsoJet_weighted": 0.0,
  "nLLP_IsoCharged": 1,
  "nLLP_IsoCharged_weighted": 5.256840400000001e-08,
  "nLLP_IsoAll": 0,
  "nLLP_IsoAll_weighted": 0.0,
  "nLLP_partners": 0,
  "nLLP_partners_weighted": 0.0
}