{
  "nLLP_original": 4000,
  "nLLP_original_weighted": 0.00023275923600000003,
  "nLLP_LLPdecay": 4000,
  "nLLP_LLPdecay_weighted": 0.00023275923600000003,
  "nLLP_InCavern": 3655,
  "nLLP_InCavern_weighted": 0.00021268375189500003,
  "nLLP_NotInATLAS": 298,
  "nLLP_NotInATLAS_weighted": 1.7340563082000003e-05,
  "nLLP_Geometry": 36,
  "nLLP_Geometry_weighted": 2.0948331239999997e-06,
  "nLLP_Tracker": 36,
  "nLLP_Tracker_weighted": 2.0948331239999997e-06,
  "nLLP_MET": 23,
  "nLLP_MET_weighted": 1.3383656069999994e-06,
  "nLLP_IsoJet": 21,
  "nLLP_IsoJet_weighted": 1.2219859889999996e-06,
  "nLLP_IsoCharged": 23,
  "nLLP_IsoCharged_weighted": 1.3383656069999994e-06,
  "nLLP_IsoAll": 21,
  "nLLP_IsoAll_weighted": 1.2219859889999996e-06,
  "nLLP_partners": 0,
  "nLLP_partners_weighted": 0.0
}