{
  "nLLP_original": 4000,
  "nLLP_original_weighted": 0.00020997197200000006,
  "nLLP_LLPdecay": 4000,
  "nLLP_LLPdecay_weighted": 0.00020997197200000006,
  "nLLP_InCavern": 99,
  "nLLP_InCavern_weighted": 5.196806307000002e-06,
  "nLLP_NotInATLAS": 36,
  "nLLP_NotInATLAS_weighted": 1.8897477480000003e-06,
  "nLLP_Geometry": 7,
  "nLLP_Geometry_weighted": 3.674509510000001e-07,
  "nLLP_Tracker": 7,
  "nLLP_Tracker_weighted": 3.674509510000001e-07,
  "nLLP_MET": 5,
  "nLLP_MET_weighted": 2.6246496500000005e-07,
  "nLLP_IsoJet": 3,
  "nLLP_IsoJet_weighted": 1.57478979e-07,
  "nLLP_IsoCharged": 5,
  "nLLP_IsoCharged_weighted": 2.6246496500000005e-07,
  "nLLP_IsoAll": 3,
  "nLLP_IsoAll_weighted": 1.57478979e-07,
  "nLLP_partners": 0,
  "nLLP_partners_weighted": 0.0
}