{
  "nLLP_original": 3432,
  "nLLP_original_weighted": 0.00018558192338400005,
  "nLLP_LLPdecay": 3432,
  "nLLP_LLPdecay_weighted": 0.00018558192338400005,
  "nLLP_InCavern": 2678,
  "nLLP_InCavern_weighted": 0.00014481013718600002,
  "nLLP_NotInATLAS": 465,
  "nLLP_NotInATLAS_weighted": 2.5144403955000006e-05,
  "nLLP_Geometry": 79,
  "nLLP_Geometry_weighted": 4.271844972999999e-06,
  "nLLP_Tracker": 79,
  "nLLP_Tracker_weighted": 4.271844972999999e-06,
  "nLLP_MET": 48,
  "nLLP_MET_weighted": 2.5955513760000004e-06,
  "nLLP_IsoJet": 40,
  "nLLP_IsoJet_weighted": 2.1629594800000003e-06,
  "nLLP_IsoCharged": 48,
  "nLLP_IsoCharged_weighted": 2.5955513760000004e-06,
  "nLLP_IsoAll": 40,
  "nLLP_IsoAll_weighted": 2.1629594800000003e-06,
  "nLLP_partners": 2,
  "nLLP_partners_weighted": 1.0814797400000001e-07
}