{
  "nLLP_original": 4000,
  "nLLP_original_weighted": 0.00029129955200000003,
  "nLLP_LLPdecay": 4000,
  "nLLP_LLPdecay_weighted": 0.00029129955200000003,
  "nLLP_InCavern": 2284,
  "nLLP_InCavern_weighted": 0.000166332044192,
  "nLLP_NotInATLAS": 635,
  "nLLP_NotInATLAS_weighted": 4.624380388e-05,
  "nLLP_Geometry": 108,
  "nLLP_Geometry_weighted": 7.865087904e-06,
  "nLLP_Tracker": 108,
  "nLLP_Tracker_weighted": 7.865087904e-06,
  "nLLP_MET": 62,
  "nLLP_MET_weighted": 4.515143056e-06,
  "nLLP_IsoJet": 46,
  "nLLP_IsoJet_weighted": 3.349944848e-06,
  "nLLP_IsoCharged": 62,
  "nLLP_IsoCharged_weighted": 4.515143056e-06,
  "nLLP_IsoAll": 46,
  "nLLP_IsoAll_weighted": 3.349944848e-06,
  "nLLP_partners": 0,
  "nLLP_partners_weighted": 0.0
}