{
  "nLLP_original": 4000,
  "nLLP_original_weighted": 0.00029051443199999997,
  "nLLP_LLPdecay": 4000,
  "nLLP_LLPdecay_weighted": 0.00029051443199999997,
  "nLLP_InCavern": 2250,
  "nLLP_InCavern_weighted": 0.000163414368,
  "nLLP_NotInATLAS": 631,
  "nLLP_NotInATLAS_weighted": 4.5828651648e-05,
  "nLLP_Geometry": 109,
  "nLLP_Geometry_weighted": 7.916518272000001e-06,
  "nLLP_Tracker": 109,
  "nLLP_Tracker_weighted": 7.916518272000001e-06,
  "nLLP_MET": 60,
  "nLLP_MET_weighted": 4.357716480000003e-06,
  "nLLP_IsoJet": 51,
  "nLLP_IsoJet_weighted": 3.7040590080000006e-06,
  "nLLP_IsoCharged": 59,
  "nLLP_IsoCharged_weighted": 4.2850878720000024e-06,
  "nLLP_IsoAll": 51,
  "nLLP_IsoAll_weighted": 3.7040590080000006e-06,
  "nLLP_partners": 0,
  "nLLP_partners_weighted": 0.0
}