{
  "nLLP_original": 4000,
  "nLLP_original_weighted": 0.00029158990800000003,
  "nLLP_LLPdecay": 4000,
  "nLLP_LLPdecay_weighted": 0.00029158990800000003,
  "nLLP_InCavern": 2321,
  "nLLP_InCavern_weighted": 0.00016919504411700006,
  "nLLP_NotInATLAS": 642,
  "nLLP_NotInATLAS_weighted": 4.680018023400001e-05,
  "nLLP_Geometry": 116,
  "nLLP_Geometry_weighted": 8.456107332000001e-06,
  "nLLP_Tracker": 116,
  "nLLP_Tracker_weighted": 8.456107332000001e-06,
  "nLLP_MET": 65,
  "nLLP_MET_weighted": 4.738336005000001e-06,
  "nLLP_IsoJet": 47,
  "nLLP_IsoJet_weighted": 3.4261814189999995e-06,
  "nLLP_IsoCharged": 64,
  "nLLP_IsoCharged_weighted": 4.665438528000001e-06,
  "nLLP_IsoAll": 47,
  "nLLP_IsoAll_weighted": 3.4261814189999995e-06,
  "nLLP_partners": 2,
  "nLLP_partners_weighted": 1.4579495400000003e-07
}