{
  "nLLP_original": 4000,
  "nLLP_original_weighted": 0.000309891092,
  "nLLP_LLPdecay": 4000,
  "nLLP_LLPdecay_weighted": 0.000309891092,
  "nLLP_InCavern": 52,
  "nLLP_InCavern_weighted": 4.0285841960000005e-06,
  "nLLP_NotInATLAS": 29,
  "nLLP_NotInATLAS_weighted": 2.2467104169999996e-06,
  "nLLP_Geometry": 6,
  "nLLP_Geometry_weighted": 4.6483663800000006e-07,
  "nLLP_Tracker": 6,
  "nLLP_Tracker_weighted": 4.6483663800000006e-07,
  "nLLP_MET": 4,
  "nLLP_MET_weighted": 3.09891092e-07,
  "nLLP_IsoJet": 3,
  "nLLP_IsoJet_weighted": 2.32418319e-07,
  "nLLP_IsoCharged": 4,
  "nLLP_IsoCharged_weighted": 3.09891092e-07,
  "nLLP_IsoAll": 3,
  "nLLP_IsoAll_weighted": 2.32418319e-07,
  "nLLP_partners": 0,
  "nLLP_partners_weighted": 0.0
}