{
  "nLLP_original": 4000,
  "nLLP_original_weighted": 0.00021626378399999994,
  "nLLP_LLPdecay": 4000,
  "nLLP_LLPdecay_weighted": 0.00021626378399999994,
  "nLLP_InCavern": 853,
  "nLLP_InCavern_weighted": 4.611825193799999e-05,
  "nLLP_NotInATLAS": 367,
  "nLLP_NotInATLAS_weighted": 1.9842202181999997e-05,
  "nLLP_Geometry": 80,
  "nLLP_Geometry_weighted": 4.32527568e-06,
  "nLLP_Tracker": 80,
  "nLLP_Tracker_weighted": 4.32527568e-06,
  "nLLP_MET": 42,
  "nLLP_MET_weighted": 2.270769732e-06,
  "nLLP_IsoJet": 30,
  "nLLP_IsoJet_weighted": 1.6219783799999998e-06,
  "nLLP_IsoCharged": 42,
  "nLLP_IsoCharged_weighted": 2.270769732e-06,
  "nLLP_IsoAll": 30,
  "nLLP_IsoAll_weighted": 1.6219783799999998e-06,
  "nLLP_partners": 0,
  "nLLP_partners_weighted": 0.0
}