{
  "nLLP_original": 4000,
  "nLLP_original_weighted": 0.00029180731200000005,
  "nLLP_LLPdecay": 4000,
  "nLLP_LLPdecay_weighted": 0.00029180731200000005,
  "nLLP_InCavern": 2303,
  "nLLP_InCavern_weighted": 0.00016800805988400003,
  "nLLP_NotInATLAS": 623,
  "nLLP_NotInATLAS_weighted": 4.544898884400001e-05,
  "nLLP_Geometry": 117,
  "nLLP_Geometry_weighted": 8.535363876000002e-06,
  "nLLP_Tracker": 117,
  "nLLP_Tracker_weighted": 8.535363876000002e-06,
  "nLLP_MET": 64,
  "nLLP_MET_weighted": 4.668916992e-06,
  "nLLP_IsoJet": 56,
  "nLLP_IsoJet_weighted": 4.085302368e-06,
  "nLLP_IsoCharged": 63,
  "nLLP_IsoCharged_weighted": 4.595965164000001e-06,
  "nLLP_IsoAll": 56,
  "nLLP_IsoAll_weighted": 4.085302368e-06,
  "nLLP_partners": 0,
  "nLLP_partners_weighted": 0.0
}