{
  "nLLP_original": 4000,
  "nLLP_original_weighted": 0.00023282334000000005,
  "nLLP_LLPdecay": 4000,
  "nLLP_LLPdecay_weighted": 0.00023282334000000005,
  "nLLP_InCavern": 21,
  "nLLP_InCavern_weighted": 1.2223225350000003e-06,
  "nLLP_NotInATLAS": 15,
  "nLLP_NotInATLAS_weighted": 8.730875250000002e-07,
  "nLLP_Geometry": 4,
  "nLLP_Geometry_weighted": 2.3282334000000004e-07,
  "nLLP_Tracker": 4,
  "nLLP_Tracker_weighted": 2.3282334000000004e-07,
  "nLLP_MET": 2,
  "nLLP_MET_weighted": 1.1641167000000002e-07,
  "nLLP_IsoJet": 2,
  "nLLP_IsoJet_weighted": 1.1641167000000002e-07,
  "nLLP_IsoCharged": 2,
  "nLLP_IsoCharged_weighted": 1.1641167000000002e-07,
  "nLLP_IsoAll": 2,
  "nLLP_IsoAll_weighted": 1.1641167000000002e-07,
  "nLLP_partners": 0,
  "nLLP_partners_weighted": 0.0
}