{
  "nLLP_original": 4000,
  "nLLP_original_weighted": 0.0003108838079999999,
  "nLLP_LLPdecay": 4000,
  "nLLP_LLPdecay_weighted": 0.0003108838079999999,
  "nLLP_InCavern": 2597,
  "nLLP_InCavern_weighted": 0.00020184131234399997,
  "nLLP_NotInATLAS": 568,
  "nLLP_NotInATLAS_weighted": 4.414550073599999e-05,
  "nLLP_Geometry": 96,
  "nLLP_Geometry_weighted": 7.461211392e-06,
  "nLLP_Tracker": 96,
  "nLLP_Tracker_weighted": 7.461211392e-06,
  "nLLP_MET": 65,
  "nLLP_MET_weighted": 5.05186188e-06,
  "nLLP_IsoJet": 53,
  "nLLP_IsoJet_weighted": 4.119210455999999e-06,
  "nLLP_IsoCharged": 65,
  "nLLP_IsoCharged_weighted": 5.05186188e-06,
  "nLLP_IsoAll": 53,
  "nLLP_IsoAll_weighted": 4.119210455999999e-06,
  "nLLP_partners": 0,
  "nLLP_partners_weighted": 0.0
}