{
  "nLLP_original": 4000,
  "nLLP_original_weighted": 0.00023275923600000003,
  "nLLP_LLPdecay": 4000,
  "nLLP_LLPdecay_weighted": 0.00023275923600000003,
  "nLLP_InCavern": 195,
  "nLLP_InCavern_weighted": 1.1347012755000003e-05,
  "nLLP_NotInATLAS": 81,
  "nLLP_NotInATLAS_weighted": 4.713374529000001e-06,
  "nLLP_Geometry": 22,
  "nLLP_Geometry_weighted": 1.2801757979999995e-06,
  "nLLP_Tracker": 22,
  "nLLP_Tracker_weighted": 1.2801757979999995e-06,
  "nLLP_MET": 12,
  "nLLP_MET_weighted": 6.982777080000001e-07,
  "nLLP_IsoJet": 11,
  "nLLP_IsoJet_weighted": 6.400878990000001e-07,
  "nLLP_IsoCharged": 12,
  "nLLP_IsoCharged_weighted": 6.982777080000001e-07,
  "nLLP_IsoAll": 11,
  "nLLP_IsoAll_weighted": 6.400878990000001e-07,
  "nLLP_partners": 0,
  "nLLP_partners_weighted": 0.0
}