{
  "nLLP_original": 4000,
  "nLLP_original_weighted": 0.00025910896000000004,
  "nLLP_LLPdecay": 4000,
  "nLLP_LLPdecay_weighted": 0.00025910896000000004,
  "nLLP_InCavern": 279,
  "nLLP_InCavern_weighted": 1.8072849960000005e-05,
  "nLLP_NotInATLAS": 126,
  "nLLP_NotInATLAS_weighted": 8.161932239999997e-06,
  "nLLP_Geometry": 29,
  "nLLP_Geometry_weighted": 1.87853996e-06,
  "nLLP_Tracker": 29,
  "nLLP_Tracker_weighted": 1.87853996e-06,
  "nLLP_MET": 14,
  "nLLP_MET_weighted": 9.068813600000001e-07,
  "nLLP_IsoJet": 10,
  "nLLP_IsoJet_weighted": 6.477724e-07,
  "nLLP_IsoCharged": 14,
  "nLLP_IsoCharged_weighted": 9.068813600000001e-07,
  "nLLP_IsoAll": 10,
  "nLLP_IsoAll_weighted": 6.477724e-07,
  "nLLP_partners": 0,
  "nLLP_partners_weighted": 0.0
}