{
  "nLLP_original": 4000,
  "nLLP_original_weighted": 0.00031022313200000016,
  "nLLP_LLPdecay": 4000,
  "nLLP_LLPdecay_weighted": 0.00031022313200000016,
  "nLLP_InCavern": 2559,
  "nLLP_InCavern_weighted": 0.00019846524869700005,
  "nLLP_NotInATLAS": 546,
  "nLLP_NotInATLAS_weighted": 4.234545751800001e-05,
  "nLLP_Geometry": 76,
  "nLLP_Geometry_weighted": 5.894239508000002e-06,
  "nLLP_Tracker": 76,
  "nLLP_Tracker_weighted": 5.894239508000002e-06,
  "nLLP_MET": 52,
  "nLLP_MET_weighted": 4.032900716000001e-06,
  "nLLP_IsoJet": 40,
  "nLLP_IsoJet_weighted": 3.1022313200000007e-06,
  "nLLP_IsoCharged": 52,
  "nLLP_IsoCharged_weighted": 4.032900716000001e-06,
  "nLLP_IsoAll": 40,
  "nLLP_IsoAll_weighted": 3.1022313200000007e-06,
  "nLLP_partners": 2,
  "nLLP_partners_weighted": 1.5511156600000003e-07
}