{
  "nLLP_original": 4000,
  "nLLP_original_weighted": 0.00023275923600000003,
  "nLLP_LLPdecay": 4000,
  "nLLP_LLPdecay_weighted": 0.00023275923600000003,
  "nLLP_InCavern": 1463,
  "nLLP_InCavern_weighted": 8.513169056700001e-05,
  "nLLP_NotInATLAS": 566,
  "nLLP_NotInATLAS_weighted": 3.293543189400001e-05,
  "nLLP_Geometry": 121,
  "nLLP_Geometry_weighted": 7.040966889000001e-06,
  "nLLP_Tracker": 121,
  "nLLP_Tracker_weighted": 7.040966889000001e-06,
  "nLLP_MET": 75,
  "nLLP_MET_weighted": 4.364235675000001e-06,
  "nLLP_IsoJet": 62,
  "nLLP_IsoJet_weighted": 3.607768158e-06,
  "nLLP_IsoCharged": 74,
  "nLLP_IsoCharged_weighted": 4.306045866000001e-06,
  "nLLP_IsoAll": 62,
  "nLLP_IsoAll_weighted": 3.607768158e-06,
  "nLLP_partners": 0,
  "nLLP_partners_weighted": 0.0
}