{
  "nLLP_original": 4000,
  "nLLP_original_weighted": 0.00021637774399999997,
  "nLLP_LLPdecay": 4000,
  "nLLP_LLPdecay_weighted": 0.00021637774399999997,
  "nLLP_InCavern": 835,
  "nLLP_InCavern_weighted": 4.5168854059999994e-05,
  "nLLP_NotInATLAS": 362,
  "nLLP_NotInATLAS_weighted": 1.9582185832e-05,
  "nLLP_Geometry": 78,
  "nLLP_Geometry_weighted": 4.219366007999999e-06,
  "nLLP_Tracker": 78,
  "nLLP_Tracker_weighted": 4.219366007999999e-06,
  "nLLP_MET": 45,
  "nLLP_MET_weighted": 2.434249620000001e-06,
  "nLLP_IsoJet": 38,
  "nLLP_IsoJet_weighted": 2.0555885680000007e-06,
  "nLLP_IsoCharged": 45,
  "nLLP_IsoCharged_weighted": 2.434249620000001e-06,
  "nLLP_IsoAll": 38,
  "nLLP_IsoAll_weighted": 2.0555885680000007e-06,
  "nLLP_partners": 0,
  "nLLP_partners_weighted": 0.0
}