{
  "nLLP_original": 4000,
  "nLLP_original_weighted": 0.00021090346799999994,
  "nLLP_LLPdecay": 4000,
  "nLLP_LLPdecay_weighted": 0.00021090346799999994,
  "nLLP_InCavern": 74,
  "nLLP_InCavern_weighted": 3.901714158000001e-06,
  "nLLP_NotInATLAS": 25,
  "nLLP_NotInATLAS_weighted": 1.3181466750000001e-06,
  "nLLP_Geometry": 5,
  "nLLP_Geometry_weighted": 2.63629335e-07,
  "nLLP_Tracker": 5,
  "nLLP_Tracker_weighted": 2.63629335e-07,
  "nLLP_MET": 3,
  "nLLP_MET_weighted": 1.58177601e-07,
  "nLLP_IsoJet": 3,
  "nLLP_IsoJet_weighted": 1.58177601e-07,
  "nLLP_IsoCharged": 3,
  "nLLP_IsoCharged_weighted": 1.58177601e-07,
  "nLLP_IsoAll": 3,
  "nLLP_IsoAll_weighted": 1.58177601e-07,
  "nLLP_partners": 0,
  "nLLP_partners_weighted": 0.0
}