{
  "nLLP_original": 4000,
  "nLLP_original_weighted": 0.00031062640400000006,
  "nLLP_LLPdecay": 4000,
  "nLLP_LLPdecay_weighted": 0.00031062640400000006,
  "nLLP_InCavern": 2572,
  "nLLP_InCavern_weighted": 0.00019973277777200006,
  "nLLP_NotInATLAS": 560,
  "nLLP_NotInATLAS_weighted": 4.3487696560000007e-05,
  "nLLP_Geometry": 89,
  "nLLP_Geometry_weighted": 6.911437489000001e-06,
  "nLLP_Tracker": 89,
  "nLLP_Tracker_weighted": 6.911437489000001e-06,
  "nLLP_MET": 54,
  "nLLP_MET_weighted": 4.1934564539999995e-06,
  "nLLP_IsoJet": 50,
  "nLLP_IsoJet_weighted": 3.882830050000001e-06,
  "nLLP_IsoCharged": 54,
  "nLLP_IsoCharged_weighted": 4.1934564539999995e-06,
  "nLLP_IsoAll": 50,
  "nLLP_IsoAll_weighted": 3.882830050000001e-06,
  "nLLP_partners": 2,
  "nLLP_partners_weighted": 1.55313202e-07
}