{
  "nLLP_original": 4000,
  "nLLP_original_weighted": 0.00021605703599999996,
  "nLLP_LLPdecay": 4000,
  "nLLP_LLPdecay_weighted": 0.00021605703599999996,
  "nLLP_InCavern": 3977,
  "nLLP_InCavern_weighted": 0.00021481470804299996,
  "nLLP_NotInATLAS": 12,
  "nLLP_NotInATLAS_weighted": 6.48171108e-07,
  "nLLP_Geometry": 3,
  "nLLP_Geometry_weighted": 1.62042777e-07,
  "nLLP_Tracker": 3,
  "nLLP_Tracker_weighted": 1.62042777e-07,
  "nLLP_MET": 3,
  "nLLP_MET_weighted": 1.62042777e-07,
  "nLLP_IsoJet": 3,
  "nLLP_IsoJet_weighted": 1.62042777e-07,
  "nLLP_IsoCharged": 3,
  "nLLP_IsoCharged_weighted": 1.62042777e-07,
  "nLLP_IsoAll": 3,
  "nLLP_IsoAll_weighted": 1.62042777e-07,
  "nLLP_partners": 0,
  "nLLP_partners_weighted": 0.0
}