{
  "nLLP_original": 4000,
  "nLLP_original_weighted": 0.00029158990800000003,
  "nLLP_LLPdecay": 4000,
  "nLLP_LLPdecay_weighted": 0.00029158990800000003,
  "nLLP_InCavern": 2315,
  "nLLP_InCavern_weighted": 0.00016875765925500005,
  "nLLP_NotInATLAS": 644,
  "nLLP_NotInATLAS_weighted": 4.694597518800001e-05,
  "nLLP_Geometry": 117,
  "nLLP_Geometry_weighted": 8.529004809e-06,
  "nLLP_Tracker": 117,
  "nLLP_Tracker_weighted": 8.529004809e-06,
  "nLLP_MET": 63,
  "nLLP_MET_weighted": 4.592541051e-06,
  "nLLP_IsoJet": 47,
  "nLLP_IsoJet_weighted": 3.4261814189999995e-06,
  "nLLP_IsoCharged": 63,
  "nLLP_IsoCharged_weighted": 4.592541051e-06,
  "nLLP_IsoAll": 47,
  "nLLP_IsoAll_weighted": 3.4261814189999995e-06,
  "nLLP_partners": 2,
  "nLLP_partners_weighted": 1.4579495400000003e-07
}