{
  "nLLP_original": 4000,
  "nLLP_original_weighted": 0.000259617364,
  "nLLP_LLPdecay": 4000,
  "nLLP_LLPdecay_weighted": 0.000259617364,
  "nLLP_InCavern": 282,
  "nLLP_InCavern_weighted": 1.8303024161999998e-05,
  "nLLP_NotInATLAS": 138,
  "nLLP_NotInATLAS_weighted": 8.956799058e-06,
  "nLLP_Geometry": 22,
  "nLLP_Geometry_weighted": 1.427895502e-06,
  "nLLP_Tracker": 22,
  "nLLP_Tracker_weighted": 1.427895502e-06,
  "nLLP_MET": 13,
  "nLLP_MET_weighted": 8.437564329999999e-07,
  "nLLP_IsoJet": 7,
  "nLLP_IsoJet_weighted": 4.5433038699999994e-07,
  "nLLP_IsoCharged": 13,
  "nLLP_IsoCharged_weighted": 8.437564329999999e-07,
  "nLLP_IsoAll": 7,
  "nLLP_IsoAll_weighted": 4.5433038699999994e-07,
  "nLLP_partners": 0,
  "nLLP_partners_weighted": 0.0
}