{
  "nLLP_original": 4000,
  "nLLP_original_weighted": 0.00020997197200000006,
  "nLLP_LLPdecay": 4000,
  "nLLP_LLPdecay_weighted": 0.00020997197200000006,
  "nLLP_InCavern": 3943,
  "nLLP_InCavern_weighted": 0.00020697987139900003,
  "nLLP_NotInATLAS": 35,
  "nLLP_NotInATLAS_weighted": 1.8372547550000003e-06,
  "nLLP_Geometry": 1,
  "nLLP_Geometry_weighted": 5.2492993000000007e-08,
  "nLLP_Tracker": 1,
  "nLLP_Tracker_weighted": 5.2492993000000007e-08,
  "nLLP_MET": 1,
  "nLLP_MET_weighted": 5.2492993000000007e-08,
  "nLLP_IsoJet": 1,
  "nLLP_IsoJet_weighted": 5.2492993000000007e-08,
  "nLLP_IsoCharged": 1,
  "nLLP_IsoCharged_weighted": 5.2492993000000007e-08,
  "nLLP_IsoAll": 1,
  "nLLP_IsoAll_weighted": 5.2492993000000007e-08,
  "nLLP_partners": 0,
  "nLLP_partners_weighted": 0.0
}