{
  "nLLP_original": 4000,
  "nLLP_original_weighted": 0.00025910896000000004,
  "nLLP_LLPdecay": 4000,
  "nLLP_LLPdecay_weighted": 0.00025910896000000004,
  "nLLP_InCavern": 1950,
  "nLLP_InCavern_weighted": 0.00012631561800000002,
  "nLLP_NotInATLAS": 637,
  "nLLP_NotInATLAS_weighted": 4.126310188000001e-05,
  "nLLP_Geometry": 118,
  "nLLP_Geometry_weighted": 7.643714320000002e-06,
  "nLLP_Tracker": 118,
  "nLLP_Tracker_weighted": 7.643714320000002e-06,
  "nLLP_MET": 64,
  "nLLP_MET_weighted": 4.1457433600000006e-06,
  "nLLP_IsoJet": 54,
  "nLLP_IsoJet_weighted": 3.497970959999999e-06,
  "nLLP_IsoCharged": 64,
  "nLLP_IsoCharged_weighted": 4.1457433600000006e-06,
  "nLLP_IsoAll": 54,
  "nLLP_IsoAll_weighted": 3.497970959999999e-06,
  "nLLP_partners": 0,
  "nLLP_partners_weighted": 0.0
}