{
  "nLLP_original": 3530,
  "nLLP_original_weighted": 0.00010975397633999998,
  "nLLP_LLPdecay": 3530,
  "nLLP_LLPdecay_weighted": 0.00010975397633999998,
  "nLLP_InCavern": 2817,
  "nLLP_InCavern_weighted": 8.758553862599997e-05,
  "nLLP_NotInATLAS": 527,
  "nLLP_NotInATLAS_weighted": 1.6385367006e-05,
  "nLLP_Geometry": 91,
  "nLLP_Geometry_weighted": 2.8293517979999994e-06,
  "nLLP_Tracker": 19,
  "nLLP_Tracker_weighted": 5.907437820000001e-07,
  "nLLP_MET": 11,
  "nLLP_MET_weighted": 3.4200955799999996e-07,
  "nLLP_IsoJet": 9,
  "nLLP_IsoJet_weighted": 2.79826002e-07,
  "nLLP_IsoCharged": 11,
  "nLLP_IsoCharged_weighted": 3.4200955799999996e-07,
  "nLLP_IsoAll": 9,
  "nLLP_IsoAll_weighted": 2.79826002e-07,
  "nLLP_partners": 0,
  "nLLP_partners_weighted": 0.0
}