{
  "nLLP_original": 4000,
  "nLLP_original_weighted": 0.00023296348799999993,
  "nLLP_LLPdecay": 4000,
  "nLLP_LLPdecay_weighted": 0.00023296348799999993,
  "nLLP_InCavern": 1471,
  "nLLP_InCavern_weighted": 8.567232271199999e-05,
  "nLLP_NotInATLAS": 539,
  "nLLP_NotInATLAS_weighted": 3.1391830008000005e-05,
  "nLLP_Geometry": 112,
  "nLLP_Geometry_weighted": 6.522977663999999e-06,
  "nLLP_Tracker": 112,
  "nLLP_Tracker_weighted": 6.522977663999999e-06,
  "nLLP_MET": 58,
  "nLLP_MET_weighted": 3.3779705760000005e-06,
  "nLLP_IsoJet": 49,
  "nLLP_IsoJet_weighted": 2.8538027280000003e-06,
  "nLLP_IsoCharged": 58,
  "nLLP_IsoCharged_weighted": 3.3779705760000005e-06,
  "nLLP_IsoAll": 49,
  "nLLP_IsoAll_weighted": 2.8538027280000003e-06,
  "nLLP_partners": 0,
  "nLLP_partners_weighted": 0.0
}