{
  "nLLP_original": 4000,
  "nLLP_original_weighted": 0.0003112915679999999,
  "nLLP_LLPdecay": 4000,
  "nLLP_LLPdecay_weighted": 0.0003112915679999999,
  "nLLP_InCavern": 2543,
  "nLLP_InCavern_weighted": 0.00019790361435599997,
  "nLLP_NotInATLAS": 559,
  "nLLP_NotInATLAS_weighted": 4.3502996627999994e-05,
  "nLLP_Geometry": 89,
  "nLLP_Geometry_weighted": 6.926237387999999e-06,
  "nLLP_Tracker": 89,
  "nLLP_Tracker_weighted": 6.926237387999999e-06,
  "nLLP_MET": 58,
  "nLLP_MET_weighted": 4.513727736e-06,
  "nLLP_IsoJet": 41,
  "nLLP_IsoJet_weighted": 3.190738572e-06,
  "nLLP_IsoCharged": 58,
  "nLLP_IsoCharged_weighted": 4.513727736e-06,
  "nLLP_IsoAll": 41,
  "nLLP_IsoAll_weighted": 3.190738572e-06,
  "nLLP_partners": 2,
  "nLLP_partners_weighted": 1.55645784e-07
}