{
  "nLLP_original": 4000,
  "nLLP_original_weighted": 0.00031022313200000016,
  "nLLP_LLPdecay": 4000,
  "nLLP_LLPdecay_weighted": 0.00031022313200000016,
  "nLLP_InCavern": 519,
  "nLLP_InCavern_weighted": 4.025145137700002e-05,
  "nLLP_NotInATLAS": 198,
  "nLLP_NotInATLAS_weighted": 1.5356045034000004e-05,
  "nLLP_Geometry": 46,
  "nLLP_Geometry_weighted": 3.5675660180000014e-06,
  "nLLP_Tracker": 46,
  "nLLP_Tracker_weighted": 3.5675660180000014e-06,
  "nLLP_MET": 21,
  "nLLP_MET_weighted": 1.6286714430000009e-06,
  "nLLP_IsoJet": 17,
  "nLLP_IsoJet_weighted": 1.3184483110000004e-06,
  "nLLP_IsoCharged": 21,
  "nLLP_IsoCharged_weighted": 1.6286714430000009e-06,
  "nLLP_IsoAll": 17,
  "nLLP_IsoAll_weighted": 1.3184483110000004e-06,
  "nLLP_partners": 0,
  "nLLP_partners_weighted": 0.0
}