{
  "nLLP_original": 4000,
  "nLLP_original_weighted": 0.00020989748400000006,
  "nLLP_LLPdecay": 4000,
  "nLLP_LLPdecay_weighted": 0.00020989748400000006,
  "nLLP_InCavern": 3942,
  "nLLP_InCavern_weighted": 0.00020685397048200005,
  "nLLP_NotInATLAS": 41,
  "nLLP_NotInATLAS_weighted": 2.1514492109999997e-06,
  "nLLP_Geometry": 3,
  "nLLP_Geometry_weighted": 1.57423113e-07,
  "nLLP_Tracker": 3,
  "nLLP_Tracker_weighted": 1.57423113e-07,
  "nLLP_MET": 3,
  "nLLP_MET_weighted": 1.57423113e-07,
  "nLLP_IsoJet": 3,
  "nLLP_IsoJet_weighted": 1.57423113e-07,
  "nLLP_IsoCharged": 3,
  "nLLP_IsoCharged_weighted": 1.57423113e-07,
  "nLLP_IsoAll": 3,
  "nLLP_IsoAll_weighted": 1.57423113e-07,
  "nLLP_partners": 0,
  "nLLP_partners_weighted": 0.0
}