{
  "nLLP_original": 3998,
  "nLLP_original_weighted": 0.000233003643898,
  "nLLP_LLPdecay": 3998,
  "nLLP_LLPdecay_weighted": 0.000233003643898,
  "nLLP_InCavern": 20,
  "nLLP_InCavern_weighted": 1.1656010200000004e-06,
  "nLLP_NotInATLAS": 9,
  "nLLP_NotInATLAS_weighted": 5.24520459e-07,
  "nLLP_Geometry": 3,
  "nLLP_Geometry_weighted": 1.7484015300000002e-07,
  "nLLP_Tracker": 3,
  "nLLP_Tracker_weighted": 1.7484015300000002e-07,
  "nLLP_MET": 3,
  "nLLP_MET_weighted": 1.7484015300000002e-07,
  "nLLP_IsoJet": 2,
  "nLLP_IsoJet_weighted": 1.16560102e-07,
  "nLLP_IsoCharged": 3,
  "nLLP_IsoCharged_weighted": 1.7484015300000002e-07,
  "nLLP_IsoAll": 2,
  "nLLP_IsoAll_weighted": 1.16560102e-07,
  "nLLP_partners": 0,
  "nLLP_partners_weighted": 0.0
}