{
  "nLLP_original": 4000,
  "nLLP_original_weighted": 0.00012435177600000002,
  "nLLP_LLPdecay": 4000,
  "nLLP_LLPdecay_weighted": 0.00012435177600000002,
  "nLLP_InCavern": 3183,
  "nLLP_InCavern_weighted": 9.8952925752e-05,
  "nLLP_NotInATLAS": 616,
  "nLLP_NotInATLAS_weighted": 1.9150173504000004e-05,
  "nLLP_Geometry": 118,
  "nLLP_Geometry_weighted": 3.6683773919999996e-06,
  "nLLP_Tracker": 14,
  "nLLP_Tracker_weighted": 4.3523121600000003e-07,
  "nLLP_MET": 10,
  "nLLP_MET_weighted": 3.1087944e-07,
  "nLLP_IsoJet": 9,
  "nLLP_IsoJet_weighted": 2.79791496e-07,
  "nLLP_IsoCharged": 10,
  "nLLP_IsoCharged_weighted": 3.1087944e-07,
  "nLLP_IsoAll": 9,
  "nLLP_IsoAll_weighted": 2.79791496e-07,
  "nLLP_partners": 0,
  "nLLP_partners_weighted": 0.0
}