{
  "nLLP_original": 4000,
  "nLLP_original_weighted": 0.0002590828480000001,
  "nLLP_LLPdecay": 4000,
  "nLLP_LLPdecay_weighted": 0.0002590828480000001,
  "nLLP_InCavern": 42,
  "nLLP_InCavern_weighted": 2.7203699040000003e-06,
  "nLLP_NotInATLAS": 17,
  "nLLP_NotInATLAS_weighted": 1.1011021040000004e-06,
  "nLLP_Geometry": 6,
  "nLLP_Geometry_weighted": 3.886242720000001e-07,
  "nLLP_Tracker": 6,
  "nLLP_Tracker_weighted": 3.886242720000001e-07,
  "nLLP_MET": 4,
  "nLLP_MET_weighted": 2.590828480000001e-07,
  "nLLP_IsoJet": 3,
  "nLLP_IsoJet_weighted": 1.9431213600000007e-07,
  "nLLP_IsoCharged": 4,
  "nLLP_IsoCharged_weighted": 2.590828480000001e-07,
  "nLLP_IsoAll": 3,
  "nLLP_IsoAll_weighted": 1.9431213600000007e-07,
  "nLLP_partners": 0,
  "nLLP_partners_weighted": 0.0
}