{
  "nLLP_original": 3646,
  "nLLP_original_weighted": 0.00023664122728599994,
  "nLLP_LLPdecay": 3646,
  "nLLP_LLPdecay_weighted": 0.00023664122728599994,
  "nLLP_InCavern": 3461,
  "nLLP_InCavern_weighted": 0.00022463392420099993,
  "nLLP_NotInATLAS": 134,
  "nLLP_NotInATLAS_weighted": 8.697181694000001e-06,
  "nLLP_Geometry": 10,
  "nLLP_Geometry_weighted": 6.4904341e-07,
  "nLLP_Tracker": 10,
  "nLLP_Tracker_weighted": 6.4904341e-07,
  "nLLP_MET": 10,
  "nLLP_MET_weighted": 6.4904341e-07,
  "nLLP_IsoJet": 10,
  "nLLP_IsoJet_weighted": 6.4904341e-07,
  "nLLP_IsoCharged": 10,
  "nLLP_IsoCharged_weighted": 6.4904341e-07,
  "nLLP_IsoAll": 10,
  "nLLP_IsoAll_weighted": 6.4904341e-07,
  "nLLP_partners": 0,
  "nLLP_partners_weighted": 0.0
}