{
  "nLLP_original": 4000,
  "nLLP_original_weighted": 0.00021605703599999996,
  "nLLP_LLPdecay": 4000,
  "nLLP_LLPdecay_weighted": 0.00021605703599999996,
  "nLLP_InCavern": 3166,
  "nLLP_InCavern_weighted": 0.00017100914399399995,
  "nLLP_NotInATLAS": 563,
  "nLLP_NotInATLAS_weighted": 3.0410027816999997e-05,
  "nLLP_Geometry": 86,
  "nLLP_Geometry_weighted": 4.645226273999999e-06,
  "nLLP_Tracker": 86,
  "nLLP_Tracker_weighted": 4.645226273999999e-06,
  "nLLP_MET": 45,
  "nLLP_MET_weighted": 2.430641655e-06,
  "nLLP_IsoJet": 37,
  "nLLP_IsoJet_weighted": 1.9985275830000002e-06,
  "nLLP_IsoCharged": 45,
  "nLLP_IsoCharged_weighted": 2.430641655e-06,
  "nLLP_IsoAll": 37,
  "nLLP_IsoAll_weighted": 1.9985275830000002e-06,
  "nLLP_partners": 2,
  "nLLP_partners_weighted": 1.08028518e-07
}