{
  "nLLP_original": 2212,
  "nLLP_original_weighted": 0.00016065448089600003,
  "nLLP_LLPdecay": 2212,
  "nLLP_LLPdecay_weighted": 0.00016065448089600003,
  "nLLP_InCavern": 226,
  "nLLP_InCavern_weighted": 1.6414065408e-05,
  "nLLP_NotInATLAS": 96,
  "nLLP_NotInATLAS_weighted": 6.972346368e-06,
  "nLLP_Geometry": 24,
  "nLLP_Geometry_weighted": 1.7430865920000004e-06,
  "nLLP_Tracker": 24,
  "nLLP_Tracker_weighted": 1.7430865920000004e-06,
  "nLLP_MET": 15,
  "nLLP_MET_weighted": 1.0894291199999999e-06,
  "nLLP_IsoJet": 10,
  "nLLP_IsoJet_weighted": 7.2628608e-07,
  "nLLP_IsoCharged": 15,
  "nLLP_IsoCharged_weighted": 1.0894291199999999e-06,
  "nLLP_IsoAll": 10,
  "nLLP_IsoAll_weighted": 7.2628608e-07,
  "nLLP_partners": 2,
  "nLLP_partners_weighted": 1.4525721600000003e-07
}