{
  "nLLP_original": 4000,
  "nLLP_original_weighted": 0.000259617364,
  "nLLP_LLPdecay": 4000,
  "nLLP_LLPdecay_weighted": 0.000259617364,
  "nLLP_InCavern": 291,
  "nLLP_InCavern_weighted": 1.8887163230999996e-05,
  "nLLP_NotInATLAS": 135,
  "nLLP_NotInATLAS_weighted": 8.762086035000001e-06,
  "nLLP_Geometry": 28,
  "nLLP_Geometry_weighted": 1.817321548e-06,
  "nLLP_Tracker": 28,
  "nLLP_Tracker_weighted": 1.817321548e-06,
  "nLLP_MET": 18,
  "nLLP_MET_weighted": 1.168278138e-06,
  "nLLP_IsoJet": 16,
  "nLLP_IsoJet_weighted": 1.038469456e-06,
  "nLLP_IsoCharged": 18,
  "nLLP_IsoCharged_weighted": 1.168278138e-06,
  "nLLP_IsoAll": 16,
  "nLLP_IsoAll_weighted": 1.038469456e-06,
  "nLLP_partners": 0,
  "nLLP_partners_weighted": 0.0
}