{
  "nLLP_original": 4000,
  "nLLP_original_weighted": 0.00012451880000000003,
  "nLLP_LLPdecay": 4000,
  "nLLP_LLPdecay_weighted": 0.00012451880000000003,
  "nLLP_InCavern": 114,
  "nLLP_InCavern_weighted": 3.5487858000000012e-06,
  "nLLP_NotInATLAS": 57,
  "nLLP_NotInATLAS_weighted": 1.7743929000000002e-06,
  "nLLP_Geometry": 20,
  "nLLP_Geometry_weighted": 6.225939999999998e-07,
  "nLLP_Tracker": 7,
  "nLLP_Tracker_weighted": 2.1790790000000003e-07,
  "nLLP_MET": 3,
  "nLLP_MET_weighted": 9.33891e-08,
  "nLLP_IsoJet": 3,
  "nLLP_IsoJet_weighted": 9.33891e-08,
  "nLLP_IsoCharged": 3,
  "nLLP_IsoCharged_weighted": 9.33891e-08,
  "nLLP_IsoAll": 3,
  "nLLP_IsoAll_weighted": 9.33891e-08,
  "nLLP_partners": 0,
  "nLLP_partners_weighted": 0.0
}