{
  "nLLP_original": 4000,
  "nLLP_original_weighted": 0.00021644936400000005,
  "nLLP_LLPdecay": 4000,
  "nLLP_LLPdecay_weighted": 0.00021644936400000005,
  "nLLP_InCavern": 861,
  "nLLP_InCavern_weighted": 4.659072560100001e-05,
  "nLLP_NotInATLAS": 370,
  "nLLP_NotInATLAS_weighted": 2.0021566170000006e-05,
  "nLLP_Geometry": 78,
  "nLLP_Geometry_weighted": 4.2207625979999995e-06,
  "nLLP_Tracker": 78,
  "nLLP_Tracker_weighted": 4.2207625979999995e-06,
  "nLLP_MET": 47,
  "nLLP_MET_weighted": 2.5432800269999987e-06,
  "nLLP_IsoJet": 39,
  "nLLP_IsoJet_weighted": 2.1103812989999993e-06,
  "nLLP_IsoCharged": 47,
  "nLLP_IsoCharged_weighted": 2.5432800269999987e-06,
  "nLLP_IsoAll": 39,
  "nLLP_IsoAll_weighted": 2.1103812989999993e-06,
  "nLLP_partners": 0,
  "nLLP_partners_weighted": 0.0
}