{
  "nLLP_original": 4000,
  "nLLP_original_weighted": 0.00023296348799999993,
  "nLLP_LLPdecay": 4000,
  "nLLP_LLPdecay_weighted": 0.00023296348799999993,
  "nLLP_InCavern": 1427,
  "nLLP_InCavern_weighted": 8.3109724344e-05,
  "nLLP_NotInATLAS": 536,
  "nLLP_NotInATLAS_weighted": 3.1217107392000006e-05,
  "nLLP_Geometry": 121,
  "nLLP_Geometry_weighted": 7.047145511999998e-06,
  "nLLP_Tracker": 121,
  "nLLP_Tracker_weighted": 7.047145511999998e-06,
  "nLLP_MET": 65,
  "nLLP_MET_weighted": 3.7856566800000004e-06,
  "nLLP_IsoJet": 46,
  "nLLP_IsoJet_weighted": 2.679080112000001e-06,
  "nLLP_IsoCharged": 65,
  "nLLP_IsoCharged_weighted": 3.7856566800000004e-06,
  "nLLP_IsoAll": 46,
  "nLLP_IsoAll_weighted": 2.679080112000001e-06,
  "nLLP_partners": 0,
  "nLLP_partners_weighted": 0.0
}