{
  "nLLP_original": 4000,
  "nLLP_original_weighted": 0.0002329944080000001,
  "nLLP_LLPdecay": 4000,
  "nLLP_LLPdecay_weighted": 0.0002329944080000001,
  "nLLP_InCavern": 1414,
  "nLLP_InCavern_weighted": 8.2363523228e-05,
  "nLLP_NotInATLAS": 569,
  "nLLP_NotInATLAS_weighted": 3.3143454538e-05,
  "nLLP_Geometry": 137,
  "nLLP_Geometry_weighted": 7.980058474e-06,
  "nLLP_Tracker": 137,
  "nLLP_Tracker_weighted": 7.980058474e-06,
  "nLLP_MET": 79,
  "nLLP_MET_weighted": 4.601639557999997e-06,
  "nLLP_IsoJet": 60,
  "nLLP_IsoJet_weighted": 3.4949161200000002e-06,
  "nLLP_IsoCharged": 79,
  "nLLP_IsoCharged_weighted": 4.601639557999997e-06,
  "nLLP_IsoAll": 60,
  "nLLP_IsoAll_weighted": 3.4949161200000002e-06,
  "nLLP_partners": 0,
  "nLLP_partners_weighted": 0.0
}