,#run_name,mass#9900012,numixing#1,cross,width#9900012,llp_id,SS
0,run_01,1.700000e+00,1.000000e-02,1.428286e-01,4.481533e-16,9900012,SS1_CCDY_eev
