{
  "nLLP_original": 4000,
  "nLLP_original_weighted": 0.00025962491999999987,
  "nLLP_LLPdecay": 4000,
  "nLLP_LLPdecay_weighted": 0.00025962491999999987,
  "nLLP_InCavern": 309,
  "nLLP_InCavern_weighted": 2.0056025069999996e-05,
  "nLLP_NotInATLAS": 145,
  "nLLP_NotInATLAS_weighted": 9.411403349999998e-06,
  "nLLP_Geometry": 40,
  "nLLP_Geometry_weighted": 2.5962492e-06,
  "nLLP_Tracker": 40,
  "nLLP_Tracker_weighted": 2.5962492e-06,
  "nLLP_MET": 19,
  "nLLP_MET_weighted": 1.2332183699999998e-06,
  "nLLP_IsoJet": 10,
  "nLLP_IsoJet_weighted": 6.490622999999999e-07,
  "nLLP_IsoCharged": 19,
  "nLLP_IsoCharged_weighted": 1.2332183699999998e-06,
  "nLLP_IsoAll": 10,
  "nLLP_IsoAll_weighted": 6.490622999999999e-07,
  "nLLP_partners": 0,
  "nLLP_partners_weighted": 0.0
}