{
  "nLLP_original": 4000,
  "nLLP_original_weighted": 0.00021626378399999994,
  "nLLP_LLPdecay": 4000,
  "nLLP_LLPdecay_weighted": 0.00021626378399999994,
  "nLLP_InCavern": 3126,
  "nLLP_InCavern_weighted": 0.00016901014719599997,
  "nLLP_NotInATLAS": 608,
  "nLLP_NotInATLAS_weighted": 3.2872095168e-05,
  "nLLP_Geometry": 95,
  "nLLP_Geometry_weighted": 5.136264869999999e-06,
  "nLLP_Tracker": 95,
  "nLLP_Tracker_weighted": 5.136264869999999e-06,
  "nLLP_MET": 65,
  "nLLP_MET_weighted": 3.5142864900000003e-06,
  "nLLP_IsoJet": 46,
  "nLLP_IsoJet_weighted": 2.4870335159999997e-06,
  "nLLP_IsoCharged": 65,
  "nLLP_IsoCharged_weighted": 3.5142864900000003e-06,
  "nLLP_IsoAll": 46,
  "nLLP_IsoAll_weighted": 2.4870335159999997e-06,
  "nLLP_partners": 0,
  "nLLP_partners_weighted": 0.0
}