{
  "nLLP_original": 4000,
  "nLLP_original_weighted": 0.00021629594800000004,
  "nLLP_LLPdecay": 4000,
  "nLLP_LLPdecay_weighted": 0.00021629594800000004,
  "nLLP_InCavern": 850,
  "nLLP_InCavern_weighted": 4.596288895000001e-05,
  "nLLP_NotInATLAS": 397,
  "nLLP_NotInATLAS_weighted": 2.1467372839000002e-05,
  "nLLP_Geometry": 89,
  "nLLP_Geometry_weighted": 4.8125848430000005e-06,
  "nLLP_Tracker": 89,
  "nLLP_Tracker_weighted": 4.8125848430000005e-06,
  "nLLP_MET": 51,
  "nLLP_MET_weighted": 2.757773337e-06,
  "nLLP_IsoJet": 44,
  "nLLP_IsoJet_weighted": 2.3792554279999995e-06,
  "nLLP_IsoCharged": 51,
  "nLLP_IsoCharged_weighted": 2.757773337e-06,
  "nLLP_IsoAll": 44,
  "nLLP_IsoAll_weighted": 2.3792554279999995e-06,
  "nLLP_partners": 0,
  "nLLP_partners_weighted": 0.0
}