{
  "nLLP_original": 4000,
  "nLLP_original_weighted": 0.00021637774399999997,
  "nLLP_LLPdecay": 4000,
  "nLLP_LLPdecay_weighted": 0.00021637774399999997,
  "nLLP_InCavern": 826,
  "nLLP_InCavern_weighted": 4.4682004136e-05,
  "nLLP_NotInATLAS": 369,
  "nLLP_NotInATLAS_weighted": 1.9960846884e-05,
  "nLLP_Geometry": 70,
  "nLLP_Geometry_weighted": 3.786610520000002e-06,
  "nLLP_Tracker": 70,
  "nLLP_Tracker_weighted": 3.786610520000002e-06,
  "nLLP_MET": 41,
  "nLLP_MET_weighted": 2.2178718760000004e-06,
  "nLLP_IsoJet": 27,
  "nLLP_IsoJet_weighted": 1.4605497720000002e-06,
  "nLLP_IsoCharged": 41,
  "nLLP_IsoCharged_weighted": 2.2178718760000004e-06,
  "nLLP_IsoAll": 27,
  "nLLP_IsoAll_weighted": 1.4605497720000002e-06,
  "nLLP_partners": 2,
  "nLLP_partners_weighted": 1.0818887200000002e-07
}