{
  "nLLP_original": 3290,
  "nLLP_original_weighted": 0.00025488542317000007,
  "nLLP_LLPdecay": 3290,
  "nLLP_LLPdecay_weighted": 0.00025488542317000007,
  "nLLP_InCavern": 2098,
  "nLLP_InCavern_weighted": 0.000162537877754,
  "nLLP_NotInATLAS": 456,
  "nLLP_NotInATLAS_weighted": 3.5327584488e-05,
  "nLLP_Geometry": 62,
  "nLLP_Geometry_weighted": 4.803311926e-06,
  "nLLP_Tracker": 62,
  "nLLP_Tracker_weighted": 4.803311926e-06,
  "nLLP_MET": 34,
  "nLLP_MET_weighted": 2.634074282e-06,
  "nLLP_IsoJet": 29,
  "nLLP_IsoJet_weighted": 2.2467104169999996e-06,
  "nLLP_IsoCharged": 34,
  "nLLP_IsoCharged_weighted": 2.634074282e-06,
  "nLLP_IsoAll": 29,
  "nLLP_IsoAll_weighted": 2.2467104169999996e-06,
  "nLLP_partners": 2,
  "nLLP_partners_weighted": 1.54945546e-07
}