{
  "nLLP_original": 4000,
  "nLLP_original_weighted": 0.00021637774399999997,
  "nLLP_LLPdecay": 4000,
  "nLLP_LLPdecay_weighted": 0.00021637774399999997,
  "nLLP_InCavern": 3172,
  "nLLP_InCavern_weighted": 0.000171587550992,
  "nLLP_NotInATLAS": 616,
  "nLLP_NotInATLAS_weighted": 3.3322172576e-05,
  "nLLP_Geometry": 94,
  "nLLP_Geometry_weighted": 5.084876983999999e-06,
  "nLLP_Tracker": 94,
  "nLLP_Tracker_weighted": 5.084876983999999e-06,
  "nLLP_MET": 59,
  "nLLP_MET_weighted": 3.1915717240000013e-06,
  "nLLP_IsoJet": 42,
  "nLLP_IsoJet_weighted": 2.2719663120000006e-06,
  "nLLP_IsoCharged": 59,
  "nLLP_IsoCharged_weighted": 3.1915717240000013e-06,
  "nLLP_IsoAll": 42,
  "nLLP_IsoAll_weighted": 2.2719663120000006e-06,
  "nLLP_partners": 2,
  "nLLP_partners_weighted": 1.0818887200000002e-07
}