{
  "nLLP_original": 4000,
  "nLLP_original_weighted": 0.00023275923600000003,
  "nLLP_LLPdecay": 4000,
  "nLLP_LLPdecay_weighted": 0.00023275923600000003,
  "nLLP_InCavern": 26,
  "nLLP_InCavern_weighted": 1.5129350339999998e-06,
  "nLLP_NotInATLAS": 16,
  "nLLP_NotInATLAS_weighted": 9.31036944e-07,
  "nLLP_Geometry": 6,
  "nLLP_Geometry_weighted": 3.4913885400000004e-07,
  "nLLP_Tracker": 6,
  "nLLP_Tracker_weighted": 3.4913885400000004e-07,
  "nLLP_MET": 2,
  "nLLP_MET_weighted": 1.16379618e-07,
  "nLLP_IsoJet": 1,
  "nLLP_IsoJet_weighted": 5.8189809e-08,
  "nLLP_IsoCharged": 2,
  "nLLP_IsoCharged_weighted": 1.16379618e-07,
  "nLLP_IsoAll": 1,
  "nLLP_IsoAll_weighted": 5.8189809e-08,
  "nLLP_partners": 0,
  "nLLP_partners_weighted": 0.0
}