{
  "nLLP_original": 70,
  "nLLP_original_weighted": 3.7736510700000014e-06,
  "nLLP_LLPdecay": 70,
  "nLLP_LLPdecay_weighted": 3.7736510700000014e-06,
  "nLLP_InCavern": 59,
  "nLLP_InCavern_weighted": 3.180648759000001e-06,
  "nLLP_NotInATLAS": 12,
  "nLLP_NotInATLAS_weighted": 6.469116120000001e-07,
  "nLLP_Geometry": 3,
  "nLLP_Geometry_weighted": 1.6172790300000002e-07,
  "nLLP_Tracker": 3,
  "nLLP_Tracker_weighted": 1.6172790300000002e-07,
  "nLLP_MET": 1,
  "nLLP_MET_weighted": 5.390930100000001e-08,
  "nLLP_IsoJet": 0,
  "nLLP_IsoJet_weighted": 0.0,
  "nLLP_IsoCharged": 1,
  "nLLP_IsoCharged_weighted": 5.390930100000001e-08,
  "nLLP_IsoAll": 0,
  "nLLP_IsoAll_weighted": 0.0,
  "nLLP_partners": 0,
  "nLLP_partners_weighted": 0.0
}