{
  "nLLP_original": 4000,
  "nLLP_original_weighted": 0.00031006653600000004,
  "nLLP_LLPdecay": 4000,
  "nLLP_LLPdecay_weighted": 0.00031006653600000004,
  "nLLP_InCavern": 516,
  "nLLP_InCavern_weighted": 3.9998583144000006e-05,
  "nLLP_NotInATLAS": 214,
  "nLLP_NotInATLAS_weighted": 1.6588559675999997e-05,
  "nLLP_Geometry": 52,
  "nLLP_Geometry_weighted": 4.030864967999999e-06,
  "nLLP_Tracker": 52,
  "nLLP_Tracker_weighted": 4.030864967999999e-06,
  "nLLP_MET": 32,
  "nLLP_MET_weighted": 2.480532288e-06,
  "nLLP_IsoJet": 22,
  "nLLP_IsoJet_weighted": 1.7053659480000006e-06,
  "nLLP_IsoCharged": 32,
  "nLLP_IsoCharged_weighted": 2.480532288e-06,
  "nLLP_IsoAll": 22,
  "nLLP_IsoAll_weighted": 1.7053659480000006e-06,
  "nLLP_partners": 0,
  "nLLP_partners_weighted": 0.0
}