{
  "nLLP_original": 4000,
  "nLLP_original_weighted": 0.00020997197200000006,
  "nLLP_LLPdecay": 4000,
  "nLLP_LLPdecay_weighted": 0.00020997197200000006,
  "nLLP_InCavern": 684,
  "nLLP_InCavern_weighted": 3.590520721200001e-05,
  "nLLP_NotInATLAS": 216,
  "nLLP_NotInATLAS_weighted": 1.1338486488000003e-05,
  "nLLP_Geometry": 27,
  "nLLP_Geometry_weighted": 1.4173108110000001e-06,
  "nLLP_Tracker": 27,
  "nLLP_Tracker_weighted": 1.4173108110000001e-06,
  "nLLP_MET": 16,
  "nLLP_MET_weighted": 8.398878880000001e-07,
  "nLLP_IsoJet": 13,
  "nLLP_IsoJet_weighted": 6.824089090000002e-07,
  "nLLP_IsoCharged": 16,
  "nLLP_IsoCharged_weighted": 8.398878880000001e-07,
  "nLLP_IsoAll": 13,
  "nLLP_IsoAll_weighted": 6.824089090000002e-07,
  "nLLP_partners": 2,
  "nLLP_partners_weighted": 1.0498598600000001e-07
}