{
  "nLLP_original": 4000,
  "nLLP_original_weighted": 0.000259481048,
  "nLLP_LLPdecay": 4000,
  "nLLP_LLPdecay_weighted": 0.000259481048,
  "nLLP_InCavern": 1927,
  "nLLP_InCavern_weighted": 0.00012500499487400003,
  "nLLP_NotInATLAS": 657,
  "nLLP_NotInATLAS_weighted": 4.2619762134000013e-05,
  "nLLP_Geometry": 123,
  "nLLP_Geometry_weighted": 7.979042226000004e-06,
  "nLLP_Tracker": 123,
  "nLLP_Tracker_weighted": 7.979042226000004e-06,
  "nLLP_MET": 75,
  "nLLP_MET_weighted": 4.8652696500000005e-06,
  "nLLP_IsoJet": 62,
  "nLLP_IsoJet_weighted": 4.021956244e-06,
  "nLLP_IsoCharged": 75,
  "nLLP_IsoCharged_weighted": 4.8652696500000005e-06,
  "nLLP_IsoAll": 62,
  "nLLP_IsoAll_weighted": 4.021956244e-06,
  "nLLP_partners": 4,
  "nLLP_partners_weighted": 2.59481048e-07
}