{
  "nLLP_original": 4000,
  "nLLP_original_weighted": 0.000290778488,
  "nLLP_LLPdecay": 4000,
  "nLLP_LLPdecay_weighted": 0.000290778488,
  "nLLP_InCavern": 3888,
  "nLLP_InCavern_weighted": 0.00028263669033599996,
  "nLLP_NotInATLAS": 86,
  "nLLP_NotInATLAS_weighted": 6.251737492000002e-06,
  "nLLP_Geometry": 5,
  "nLLP_Geometry_weighted": 3.6347310999999996e-07,
  "nLLP_Tracker": 5,
  "nLLP_Tracker_weighted": 3.6347310999999996e-07,
  "nLLP_MET": 5,
  "nLLP_MET_weighted": 3.6347310999999996e-07,
  "nLLP_IsoJet": 5,
  "nLLP_IsoJet_weighted": 3.6347310999999996e-07,
  "nLLP_IsoCharged": 5,
  "nLLP_IsoCharged_weighted": 3.6347310999999996e-07,
  "nLLP_IsoAll": 5,
  "nLLP_IsoAll_weighted": 3.6347310999999996e-07,
  "nLLP_partners": 0,
  "nLLP_partners_weighted": 0.0
}