{
  "nLLP_original": 4000,
  "nLLP_original_weighted": 0.00023390438799999992,
  "nLLP_LLPdecay": 4000,
  "nLLP_LLPdecay_weighted": 0.00023390438799999992,
  "nLLP_InCavern": 18,
  "nLLP_InCavern_weighted": 1.052569746e-06,
  "nLLP_NotInATLAS": 9,
  "nLLP_NotInATLAS_weighted": 5.26284873e-07,
  "nLLP_Geometry": 5,
  "nLLP_Geometry_weighted": 2.9238048500000004e-07,
  "nLLP_Tracker": 5,
  "nLLP_Tracker_weighted": 2.9238048500000004e-07,
  "nLLP_MET": 2,
  "nLLP_MET_weighted": 1.1695219400000002e-07,
  "nLLP_IsoJet": 0,
  "nLLP_IsoJet_weighted": 0.0,
  "nLLP_IsoCharged": 2,
  "nLLP_IsoCharged_weighted": 1.1695219400000002e-07,
  "nLLP_IsoAll": 0,
  "nLLP_IsoAll_weighted": 0.0,
  "nLLP_partners": 0,
  "nLLP_partners_weighted": 0.0
}