{
  "nLLP_original": 2422,
  "nLLP_original_weighted": 0.00013096719651400001,
  "nLLP_LLPdecay": 2422,
  "nLLP_LLPdecay_weighted": 0.00013096719651400001,
  "nLLP_InCavern": 517,
  "nLLP_InCavern_weighted": 2.7956251279000003e-05,
  "nLLP_NotInATLAS": 227,
  "nLLP_NotInATLAS_weighted": 1.2274795049000002e-05,
  "nLLP_Geometry": 47,
  "nLLP_Geometry_weighted": 2.541477388999999e-06,
  "nLLP_Tracker": 47,
  "nLLP_Tracker_weighted": 2.541477388999999e-06,
  "nLLP_MET": 28,
  "nLLP_MET_weighted": 1.514071636e-06,
  "nLLP_IsoJet": 20,
  "nLLP_IsoJet_weighted": 1.0814797400000001e-06,
  "nLLP_IsoCharged": 28,
  "nLLP_IsoCharged_weighted": 1.514071636e-06,
  "nLLP_IsoAll": 20,
  "nLLP_IsoAll_weighted": 1.0814797400000001e-06,
  "nLLP_partners": 0,
  "nLLP_partners_weighted": 0.0
}