{
  "nLLP_original": 4000,
  "nLLP_original_weighted": 0.00023227040000000005,
  "nLLP_LLPdecay": 4000,
  "nLLP_LLPdecay_weighted": 0.00023227040000000005,
  "nLLP_InCavern": 3638,
  "nLLP_InCavern_weighted": 0.00021124992880000007,
  "nLLP_NotInATLAS": 264,
  "nLLP_NotInATLAS_weighted": 1.5329846400000002e-05,
  "nLLP_Geometry": 36,
  "nLLP_Geometry_weighted": 2.0904336000000003e-06,
  "nLLP_Tracker": 36,
  "nLLP_Tracker_weighted": 2.0904336000000003e-06,
  "nLLP_MET": 29,
  "nLLP_MET_weighted": 1.6839603999999996e-06,
  "nLLP_IsoJet": 24,
  "nLLP_IsoJet_weighted": 1.3936224e-06,
  "nLLP_IsoCharged": 29,
  "nLLP_IsoCharged_weighted": 1.6839603999999996e-06,
  "nLLP_IsoAll": 24,
  "nLLP_IsoAll_weighted": 1.3936224e-06,
  "nLLP_partners": 0,
  "nLLP_partners_weighted": 0.0
}