{
  "nLLP_original": 2710,
  "nLLP_original_weighted": 0.00015785371142,
  "nLLP_LLPdecay": 2710,
  "nLLP_LLPdecay_weighted": 0.00015785371142,
  "nLLP_InCavern": 105,
  "nLLP_InCavern_weighted": 6.116103210000001e-06,
  "nLLP_NotInATLAS": 44,
  "nLLP_NotInATLAS_weighted": 2.5629384880000003e-06,
  "nLLP_Geometry": 8,
  "nLLP_Geometry_weighted": 4.6598881600000005e-07,
  "nLLP_Tracker": 8,
  "nLLP_Tracker_weighted": 4.6598881600000005e-07,
  "nLLP_MET": 3,
  "nLLP_MET_weighted": 1.7474580600000003e-07,
  "nLLP_IsoJet": 2,
  "nLLP_IsoJet_weighted": 1.1649720400000001e-07,
  "nLLP_IsoCharged": 3,
  "nLLP_IsoCharged_weighted": 1.7474580600000003e-07,
  "nLLP_IsoAll": 2,
  "nLLP_IsoAll_weighted": 1.1649720400000001e-07,
  "nLLP_partners": 0,
  "nLLP_partners_weighted": 0.0
}