{
  "nLLP_original": 3676,
  "nLLP_original_weighted": 0.00021495813257199994,
  "nLLP_LLPdecay": 3676,
  "nLLP_LLPdecay_weighted": 0.00021495813257199994,
  "nLLP_InCavern": 1318,
  "nLLP_InCavern_weighted": 7.707149584600001e-05,
  "nLLP_NotInATLAS": 497,
  "nLLP_NotInATLAS_weighted": 2.9062620208999996e-05,
  "nLLP_Geometry": 106,
  "nLLP_Geometry_weighted": 6.1984662819999995e-06,
  "nLLP_Tracker": 106,
  "nLLP_Tracker_weighted": 6.1984662819999995e-06,
  "nLLP_MET": 54,
  "nLLP_MET_weighted": 3.157709238e-06,
  "nLLP_IsoJet": 47,
  "nLLP_IsoJet_weighted": 2.748376559e-06,
  "nLLP_IsoCharged": 54,
  "nLLP_IsoCharged_weighted": 3.157709238e-06,
  "nLLP_IsoAll": 47,
  "nLLP_IsoAll_weighted": 2.748376559e-06,
  "nLLP_partners": 0,
  "nLLP_partners_weighted": 0.0
}