{
  "nLLP_original": 4000,
  "nLLP_original_weighted": 0.00031006653600000004,
  "nLLP_LLPdecay": 4000,
  "nLLP_LLPdecay_weighted": 0.00031006653600000004,
  "nLLP_InCavern": 2531,
  "nLLP_InCavern_weighted": 0.00019619460065399997,
  "nLLP_NotInATLAS": 536,
  "nLLP_NotInATLAS_weighted": 4.1548915824e-05,
  "nLLP_Geometry": 70,
  "nLLP_Geometry_weighted": 5.426164379999998e-06,
  "nLLP_Tracker": 70,
  "nLLP_Tracker_weighted": 5.426164379999998e-06,
  "nLLP_MET": 38,
  "nLLP_MET_weighted": 2.9456320920000006e-06,
  "nLLP_IsoJet": 27,
  "nLLP_IsoJet_weighted": 2.0929491180000004e-06,
  "nLLP_IsoCharged": 38,
  "nLLP_IsoCharged_weighted": 2.9456320920000006e-06,
  "nLLP_IsoAll": 27,
  "nLLP_IsoAll_weighted": 2.0929491180000004e-06,
  "nLLP_partners": 2,
  "nLLP_partners_weighted": 1.55033268e-07
}