{
  "nLLP_original": 4000,
  "nLLP_original_weighted": 0.00029158990800000003,
  "nLLP_LLPdecay": 4000,
  "nLLP_LLPdecay_weighted": 0.00029158990800000003,
  "nLLP_InCavern": 3885,
  "nLLP_InCavern_weighted": 0.0002832066981450001,
  "nLLP_NotInATLAS": 65,
  "nLLP_NotInATLAS_weighted": 4.738336005000001e-06,
  "nLLP_Geometry": 1,
  "nLLP_Geometry_weighted": 7.289747700000002e-08,
  "nLLP_Tracker": 1,
  "nLLP_Tracker_weighted": 7.289747700000002e-08,
  "nLLP_MET": 1,
  "nLLP_MET_weighted": 7.289747700000002e-08,
  "nLLP_IsoJet": 1,
  "nLLP_IsoJet_weighted": 7.289747700000002e-08,
  "nLLP_IsoCharged": 1,
  "nLLP_IsoCharged_weighted": 7.289747700000002e-08,
  "nLLP_IsoAll": 1,
  "nLLP_IsoAll_weighted": 7.289747700000002e-08,
  "nLLP_partners": 0,
  "nLLP_partners_weighted": 0.0
}