{
  "nLLP_original": 4000,
  "nLLP_original_weighted": 0.0002325422280000001,
  "nLLP_LLPdecay": 4000,
  "nLLP_LLPdecay_weighted": 0.0002325422280000001,
  "nLLP_InCavern": 21,
  "nLLP_InCavern_weighted": 1.2208466970000003e-06,
  "nLLP_NotInATLAS": 8,
  "nLLP_NotInATLAS_weighted": 4.6508445600000005e-07,
  "nLLP_Geometry": 2,
  "nLLP_Geometry_weighted": 1.1627111400000001e-07,
  "nLLP_Tracker": 2,
  "nLLP_Tracker_weighted": 1.1627111400000001e-07,
  "nLLP_MET": 1,
  "nLLP_MET_weighted": 5.8135557000000006e-08,
  "nLLP_IsoJet": 1,
  "nLLP_IsoJet_weighted": 5.8135557000000006e-08,
  "nLLP_IsoCharged": 1,
  "nLLP_IsoCharged_weighted": 5.8135557000000006e-08,
  "nLLP_IsoAll": 1,
  "nLLP_IsoAll_weighted": 5.8135557000000006e-08,
  "nLLP_partners": 0,
  "nLLP_partners_weighted": 0.0
}