{
  "nLLP_original": 2738,
  "nLLP_original_weighted": 0.00019959329202600003,
  "nLLP_LLPdecay": 2738,
  "nLLP_LLPdecay_weighted": 0.00019959329202600003,
  "nLLP_InCavern": 270,
  "nLLP_InCavern_weighted": 1.9682318790000005e-05,
  "nLLP_NotInATLAS": 112,
  "nLLP_NotInATLAS_weighted": 8.164517424000002e-06,
  "nLLP_Geometry": 25,
  "nLLP_Geometry_weighted": 1.8224369250000003e-06,
  "nLLP_Tracker": 25,
  "nLLP_Tracker_weighted": 1.8224369250000003e-06,
  "nLLP_MET": 14,
  "nLLP_MET_weighted": 1.0205646780000002e-06,
  "nLLP_IsoJet": 8,
  "nLLP_IsoJet_weighted": 5.831798160000001e-07,
  "nLLP_IsoCharged": 14,
  "nLLP_IsoCharged_weighted": 1.0205646780000002e-06,
  "nLLP_IsoAll": 8,
  "nLLP_IsoAll_weighted": 5.831798160000001e-07,
  "nLLP_partners": 0,
  "nLLP_partners_weighted": 0.0
}