{
  "nLLP_original": 1630,
  "nLLP_original_weighted": 9.476095791000003e-05,
  "nLLP_LLPdecay": 1630,
  "nLLP_LLPdecay_weighted": 9.476095791000003e-05,
  "nLLP_InCavern": 1475,
  "nLLP_InCavern_weighted": 8.5749946575e-05,
  "nLLP_NotInATLAS": 119,
  "nLLP_NotInATLAS_weighted": 6.918131282999999e-06,
  "nLLP_Geometry": 21,
  "nLLP_Geometry_weighted": 1.2208466970000003e-06,
  "nLLP_Tracker": 21,
  "nLLP_Tracker_weighted": 1.2208466970000003e-06,
  "nLLP_MET": 19,
  "nLLP_MET_weighted": 1.1045755830000002e-06,
  "nLLP_IsoJet": 16,
  "nLLP_IsoJet_weighted": 9.301689120000001e-07,
  "nLLP_IsoCharged": 19,
  "nLLP_IsoCharged_weighted": 1.1045755830000002e-06,
  "nLLP_IsoAll": 16,
  "nLLP_IsoAll_weighted": 9.301689120000001e-07,
  "nLLP_partners": 0,
  "nLLP_partners_weighted": 0.0
}