{
  "nLLP_original": 4000,
  "nLLP_original_weighted": 0.00029156996000000005,
  "nLLP_LLPdecay": 4000,
  "nLLP_LLPdecay_weighted": 0.00029156996000000005,
  "nLLP_InCavern": 2247,
  "nLLP_InCavern_weighted": 0.00016378942503000003,
  "nLLP_NotInATLAS": 614,
  "nLLP_NotInATLAS_weighted": 4.475598886000001e-05,
  "nLLP_Geometry": 106,
  "nLLP_Geometry_weighted": 7.726603940000002e-06,
  "nLLP_Tracker": 106,
  "nLLP_Tracker_weighted": 7.726603940000002e-06,
  "nLLP_MET": 60,
  "nLLP_MET_weighted": 4.373549400000001e-06,
  "nLLP_IsoJet": 47,
  "nLLP_IsoJet_weighted": 3.425947029999999e-06,
  "nLLP_IsoCharged": 60,
  "nLLP_IsoCharged_weighted": 4.373549400000001e-06,
  "nLLP_IsoAll": 47,
  "nLLP_IsoAll_weighted": 3.425947029999999e-06,
  "nLLP_partners": 4,
  "nLLP_partners_weighted": 2.9156996e-07
}