{
  "nLLP_original": 1594,
  "nLLP_original_weighted": 8.3742293142e-05,
  "nLLP_LLPdecay": 1594,
  "nLLP_LLPdecay_weighted": 8.3742293142e-05,
  "nLLP_InCavern": 1092,
  "nLLP_InCavern_weighted": 5.7369249756000006e-05,
  "nLLP_NotInATLAS": 161,
  "nLLP_NotInATLAS_weighted": 8.458286823000002e-06,
  "nLLP_Geometry": 24,
  "nLLP_Geometry_weighted": 1.260862632e-06,
  "nLLP_Tracker": 24,
  "nLLP_Tracker_weighted": 1.260862632e-06,
  "nLLP_MET": 22,
  "nLLP_MET_weighted": 1.155790746e-06,
  "nLLP_IsoJet": 21,
  "nLLP_IsoJet_weighted": 1.103254803e-06,
  "nLLP_IsoCharged": 22,
  "nLLP_IsoCharged_weighted": 1.155790746e-06,
  "nLLP_IsoAll": 21,
  "nLLP_IsoAll_weighted": 1.103254803e-06,
  "nLLP_partners": 2,
  "nLLP_partners_weighted": 1.05071886e-07
}