{
  "nLLP_original": 4000,
  "nLLP_original_weighted": 0.00023320899600000008,
  "nLLP_LLPdecay": 4000,
  "nLLP_LLPdecay_weighted": 0.00023320899600000008,
  "nLLP_InCavern": 1455,
  "nLLP_InCavern_weighted": 8.482977229500002e-05,
  "nLLP_NotInATLAS": 560,
  "nLLP_NotInATLAS_weighted": 3.264925944e-05,
  "nLLP_Geometry": 119,
  "nLLP_Geometry_weighted": 6.937967631000001e-06,
  "nLLP_Tracker": 119,
  "nLLP_Tracker_weighted": 6.937967631000001e-06,
  "nLLP_MET": 65,
  "nLLP_MET_weighted": 3.789646185e-06,
  "nLLP_IsoJet": 48,
  "nLLP_IsoJet_weighted": 2.798507952e-06,
  "nLLP_IsoCharged": 64,
  "nLLP_IsoCharged_weighted": 3.731343936e-06,
  "nLLP_IsoAll": 48,
  "nLLP_IsoAll_weighted": 2.798507952e-06,
  "nLLP_partners": 0,
  "nLLP_partners_weighted": 0.0
}