{
  "nLLP_original": 2174,
  "nLLP_original_weighted": 0.000117530024926,
  "nLLP_LLPdecay": 2174,
  "nLLP_LLPdecay_weighted": 0.000117530024926,
  "nLLP_InCavern": 53,
  "nLLP_InCavern_weighted": 2.865267397000001e-06,
  "nLLP_NotInATLAS": 27,
  "nLLP_NotInATLAS_weighted": 1.4596645230000001e-06,
  "nLLP_Geometry": 5,
  "nLLP_Geometry_weighted": 2.7030824500000003e-07,
  "nLLP_Tracker": 5,
  "nLLP_Tracker_weighted": 2.7030824500000003e-07,
  "nLLP_MET": 4,
  "nLLP_MET_weighted": 2.1624659600000003e-07,
  "nLLP_IsoJet": 3,
  "nLLP_IsoJet_weighted": 1.6218494700000004e-07,
  "nLLP_IsoCharged": 4,
  "nLLP_IsoCharged_weighted": 2.1624659600000003e-07,
  "nLLP_IsoAll": 3,
  "nLLP_IsoAll_weighted": 1.6218494700000004e-07,
  "nLLP_partners": 0,
  "nLLP_partners_weighted": 0.0
}