{
  "nLLP_original": 1836,
  "nLLP_original_weighted": 0.00010736211409199997,
  "nLLP_LLPdecay": 1836,
  "nLLP_LLPdecay_weighted": 0.00010736211409199997,
  "nLLP_InCavern": 10,
  "nLLP_InCavern_weighted": 5.8476097e-07,
  "nLLP_NotInATLAS": 4,
  "nLLP_NotInATLAS_weighted": 2.3390438800000003e-07,
  "nLLP_Geometry": 1,
  "nLLP_Geometry_weighted": 5.847609700000001e-08,
  "nLLP_Tracker": 1,
  "nLLP_Tracker_weighted": 5.847609700000001e-08,
  "nLLP_MET": 1,
  "nLLP_MET_weighted": 5.847609700000001e-08,
  "nLLP_IsoJet": 1,
  "nLLP_IsoJet_weighted": 5.847609700000001e-08,
  "nLLP_IsoCharged": 1,
  "nLLP_IsoCharged_weighted": 5.847609700000001e-08,
  "nLLP_IsoAll": 1,
  "nLLP_IsoAll_weighted": 5.847609700000001e-08,
  "nLLP_partners": 0,
  "nLLP_partners_weighted": 0.0
}