{
  "nLLP_original": 4000,
  "nLLP_original_weighted": 0.00021624659600000007,
  "nLLP_LLPdecay": 4000,
  "nLLP_LLPdecay_weighted": 0.00021624659600000007,
  "nLLP_InCavern": 83,
  "nLLP_InCavern_weighted": 4.487116867000001e-06,
  "nLLP_NotInATLAS": 36,
  "nLLP_NotInATLAS_weighted": 1.946219364e-06,
  "nLLP_Geometry": 11,
  "nLLP_Geometry_weighted": 5.946781390000002e-07,
  "nLLP_Tracker": 11,
  "nLLP_Tracker_weighted": 5.946781390000002e-07,
  "nLLP_MET": 5,
  "nLLP_MET_weighted": 2.7030824500000003e-07,
  "nLLP_IsoJet": 5,
  "nLLP_IsoJet_weighted": 2.7030824500000003e-07,
  "nLLP_IsoCharged": 5,
  "nLLP_IsoCharged_weighted": 2.7030824500000003e-07,
  "nLLP_IsoAll": 5,
  "nLLP_IsoAll_weighted": 2.7030824500000003e-07,
  "nLLP_partners": 0,
  "nLLP_partners_weighted": 0.0
}