{
  "nLLP_original": 4000,
  "nLLP_original_weighted": 0.00023320899600000008,
  "nLLP_LLPdecay": 4000,
  "nLLP_LLPdecay_weighted": 0.00023320899600000008,
  "nLLP_InCavern": 3681,
  "nLLP_InCavern_weighted": 0.00021461057856900006,
  "nLLP_NotInATLAS": 301,
  "nLLP_NotInATLAS_weighted": 1.7548976949e-05,
  "nLLP_Geometry": 36,
  "nLLP_Geometry_weighted": 2.098880964e-06,
  "nLLP_Tracker": 36,
  "nLLP_Tracker_weighted": 2.098880964e-06,
  "nLLP_MET": 27,
  "nLLP_MET_weighted": 1.5741607229999998e-06,
  "nLLP_IsoJet": 26,
  "nLLP_IsoJet_weighted": 1.5158584739999999e-06,
  "nLLP_IsoCharged": 27,
  "nLLP_IsoCharged_weighted": 1.5741607229999998e-06,
  "nLLP_IsoAll": 26,
  "nLLP_IsoAll_weighted": 1.5158584739999999e-06,
  "nLLP_partners": 2,
  "nLLP_partners_weighted": 1.16604498e-07
}