{
  "nLLP_original": 4000,
  "nLLP_original_weighted": 0.00023282334000000005,
  "nLLP_LLPdecay": 4000,
  "nLLP_LLPdecay_weighted": 0.00023282334000000005,
  "nLLP_InCavern": 3652,
  "nLLP_InCavern_weighted": 0.00021256770942000005,
  "nLLP_NotInATLAS": 281,
  "nLLP_NotInATLAS_weighted": 1.6355839635000004e-05,
  "nLLP_Geometry": 42,
  "nLLP_Geometry_weighted": 2.44464507e-06,
  "nLLP_Tracker": 42,
  "nLLP_Tracker_weighted": 2.44464507e-06,
  "nLLP_MET": 29,
  "nLLP_MET_weighted": 1.6879692150000002e-06,
  "nLLP_IsoJet": 24,
  "nLLP_IsoJet_weighted": 1.3969400400000001e-06,
  "nLLP_IsoCharged": 29,
  "nLLP_IsoCharged_weighted": 1.6879692150000002e-06,
  "nLLP_IsoAll": 24,
  "nLLP_IsoAll_weighted": 1.3969400400000001e-06,
  "nLLP_partners": 0,
  "nLLP_partners_weighted": 0.0
}