{
  "nLLP_original": 4000,
  "nLLP_original_weighted": 0.0003108838079999999,
  "nLLP_LLPdecay": 4000,
  "nLLP_LLPdecay_weighted": 0.0003108838079999999,
  "nLLP_InCavern": 513,
  "nLLP_InCavern_weighted": 3.987084837599999e-05,
  "nLLP_NotInATLAS": 211,
  "nLLP_NotInATLAS_weighted": 1.6399120871999997e-05,
  "nLLP_Geometry": 47,
  "nLLP_Geometry_weighted": 3.652884743999999e-06,
  "nLLP_Tracker": 47,
  "nLLP_Tracker_weighted": 3.652884743999999e-06,
  "nLLP_MET": 29,
  "nLLP_MET_weighted": 2.2539076079999994e-06,
  "nLLP_IsoJet": 25,
  "nLLP_IsoJet_weighted": 1.9430238e-06,
  "nLLP_IsoCharged": 29,
  "nLLP_IsoCharged_weighted": 2.2539076079999994e-06,
  "nLLP_IsoAll": 25,
  "nLLP_IsoAll_weighted": 1.9430238e-06,
  "nLLP_partners": 2,
  "nLLP_partners_weighted": 1.55441904e-07
}