{
  "nLLP_original": 4000,
  "nLLP_original_weighted": 0.00029051443199999997,
  "nLLP_LLPdecay": 4000,
  "nLLP_LLPdecay_weighted": 0.00029051443199999997,
  "nLLP_InCavern": 431,
  "nLLP_InCavern_weighted": 3.1302930048e-05,
  "nLLP_NotInATLAS": 185,
  "nLLP_NotInATLAS_weighted": 1.343629248e-05,
  "nLLP_Geometry": 46,
  "nLLP_Geometry_weighted": 3.3409159680000004e-06,
  "nLLP_Tracker": 46,
  "nLLP_Tracker_weighted": 3.3409159680000004e-06,
  "nLLP_MET": 24,
  "nLLP_MET_weighted": 1.7430865920000004e-06,
  "nLLP_IsoJet": 15,
  "nLLP_IsoJet_weighted": 1.0894291199999999e-06,
  "nLLP_IsoCharged": 24,
  "nLLP_IsoCharged_weighted": 1.7430865920000004e-06,
  "nLLP_IsoAll": 15,
  "nLLP_IsoAll_weighted": 1.0894291199999999e-06,
  "nLLP_partners": 2,
  "nLLP_partners_weighted": 1.4525721600000003e-07
}