{
  "nLLP_original": 4000,
  "nLLP_original_weighted": 0.00021624659600000007,
  "nLLP_LLPdecay": 4000,
  "nLLP_LLPdecay_weighted": 0.00021624659600000007,
  "nLLP_InCavern": 12,
  "nLLP_InCavern_weighted": 6.487397880000003e-07,
  "nLLP_NotInATLAS": 8,
  "nLLP_NotInATLAS_weighted": 4.3249319200000007e-07,
  "nLLP_Geometry": 3,
  "nLLP_Geometry_weighted": 1.6218494700000004e-07,
  "nLLP_Tracker": 3,
  "nLLP_Tracker_weighted": 1.6218494700000004e-07,
  "nLLP_MET": 2,
  "nLLP_MET_weighted": 1.0812329800000002e-07,
  "nLLP_IsoJet": 1,
  "nLLP_IsoJet_weighted": 5.406164900000001e-08,
  "nLLP_IsoCharged": 2,
  "nLLP_IsoCharged_weighted": 1.0812329800000002e-07,
  "nLLP_IsoAll": 1,
  "nLLP_IsoAll_weighted": 5.406164900000001e-08,
  "nLLP_partners": 0,
  "nLLP_partners_weighted": 0.0
}