{
  "nLLP_original": 4000,
  "nLLP_original_weighted": 0.00025910496000000003,
  "nLLP_LLPdecay": 4000,
  "nLLP_LLPdecay_weighted": 0.00025910496000000003,
  "nLLP_InCavern": 26,
  "nLLP_InCavern_weighted": 1.6841822400000003e-06,
  "nLLP_NotInATLAS": 13,
  "nLLP_NotInATLAS_weighted": 8.4209112e-07,
  "nLLP_Geometry": 2,
  "nLLP_Geometry_weighted": 1.2955248000000002e-07,
  "nLLP_Tracker": 2,
  "nLLP_Tracker_weighted": 1.2955248000000002e-07,
  "nLLP_MET": 1,
  "nLLP_MET_weighted": 6.477624000000001e-08,
  "nLLP_IsoJet": 1,
  "nLLP_IsoJet_weighted": 6.477624000000001e-08,
  "nLLP_IsoCharged": 1,
  "nLLP_IsoCharged_weighted": 6.477624000000001e-08,
  "nLLP_IsoAll": 1,
  "nLLP_IsoAll_weighted": 6.477624000000001e-08,
  "nLLP_partners": 0,
  "nLLP_partners_weighted": 0.0
}