{
  "nLLP_original": 4000,
  "nLLP_original_weighted": 0.00012436711199999997,
  "nLLP_LLPdecay": 4000,
  "nLLP_LLPdecay_weighted": 0.00012436711199999997,
  "nLLP_InCavern": 3189,
  "nLLP_InCavern_weighted": 9.915168004199997e-05,
  "nLLP_NotInATLAS": 597,
  "nLLP_NotInATLAS_weighted": 1.8561791466e-05,
  "nLLP_Geometry": 98,
  "nLLP_Geometry_weighted": 3.0469942439999992e-06,
  "nLLP_Tracker": 20,
  "nLLP_Tracker_weighted": 6.218355600000002e-07,
  "nLLP_MET": 12,
  "nLLP_MET_weighted": 3.7310133599999995e-07,
  "nLLP_IsoJet": 10,
  "nLLP_IsoJet_weighted": 3.1091778e-07,
  "nLLP_IsoCharged": 12,
  "nLLP_IsoCharged_weighted": 3.7310133599999995e-07,
  "nLLP_IsoAll": 10,
  "nLLP_IsoAll_weighted": 3.1091778e-07,
  "nLLP_partners": 0,
  "nLLP_partners_weighted": 0.0
}