{
  "nLLP_original": 2928,
  "nLLP_original_weighted": 0.00017022091089600002,
  "nLLP_LLPdecay": 2928,
  "nLLP_LLPdecay_weighted": 0.00017022091089600002,
  "nLLP_InCavern": 14,
  "nLLP_InCavern_weighted": 8.138977980000003e-07,
  "nLLP_NotInATLAS": 7,
  "nLLP_NotInATLAS_weighted": 4.06948899e-07,
  "nLLP_Geometry": 1,
  "nLLP_Geometry_weighted": 5.8135557000000006e-08,
  "nLLP_Tracker": 1,
  "nLLP_Tracker_weighted": 5.8135557000000006e-08,
  "nLLP_MET": 1,
  "nLLP_MET_weighted": 5.8135557000000006e-08,
  "nLLP_IsoJet": 1,
  "nLLP_IsoJet_weighted": 5.8135557000000006e-08,
  "nLLP_IsoCharged": 1,
  "nLLP_IsoCharged_weighted": 5.8135557000000006e-08,
  "nLLP_IsoAll": 1,
  "nLLP_IsoAll_weighted": 5.8135557000000006e-08,
  "nLLP_partners": 0,
  "nLLP_partners_weighted": 0.0
}