{
  "nLLP_original": 4000,
  "nLLP_original_weighted": 0.00012466901600000004,
  "nLLP_LLPdecay": 4000,
  "nLLP_LLPdecay_weighted": 0.00012466901600000004,
  "nLLP_InCavern": 3218,
  "nLLP_InCavern_weighted": 0.00010029622337200003,
  "nLLP_NotInATLAS": 644,
  "nLLP_NotInATLAS_weighted": 2.0071711576000005e-05,
  "nLLP_Geometry": 125,
  "nLLP_Geometry_weighted": 3.895906750000001e-06,
  "nLLP_Tracker": 33,
  "nLLP_Tracker_weighted": 1.0285193820000002e-06,
  "nLLP_MET": 16,
  "nLLP_MET_weighted": 4.986760640000001e-07,
  "nLLP_IsoJet": 14,
  "nLLP_IsoJet_weighted": 4.363415560000002e-07,
  "nLLP_IsoCharged": 16,
  "nLLP_IsoCharged_weighted": 4.986760640000001e-07,
  "nLLP_IsoAll": 14,
  "nLLP_IsoAll_weighted": 4.363415560000002e-07,
  "nLLP_partners": 0,
  "nLLP_partners_weighted": 0.0
}