{
  "nLLP_original": 4000,
  "nLLP_original_weighted": 0.00020989748400000006,
  "nLLP_LLPdecay": 4000,
  "nLLP_LLPdecay_weighted": 0.00020989748400000006,
  "nLLP_InCavern": 2835,
  "nLLP_InCavern_weighted": 0.00014876484178500004,
  "nLLP_NotInATLAS": 400,
  "nLLP_NotInATLAS_weighted": 2.0989748400000004e-05,
  "nLLP_Geometry": 47,
  "nLLP_Geometry_weighted": 2.4662954369999986e-06,
  "nLLP_Tracker": 47,
  "nLLP_Tracker_weighted": 2.4662954369999986e-06,
  "nLLP_MET": 40,
  "nLLP_MET_weighted": 2.09897484e-06,
  "nLLP_IsoJet": 31,
  "nLLP_IsoJet_weighted": 1.6267055010000002e-06,
  "nLLP_IsoCharged": 40,
  "nLLP_IsoCharged_weighted": 2.09897484e-06,
  "nLLP_IsoAll": 31,
  "nLLP_IsoAll_weighted": 1.6267055010000002e-06,
  "nLLP_partners": 6,
  "nLLP_partners_weighted": 3.14846226e-07
}