{
  "nLLP_original": 4000,
  "nLLP_original_weighted": 0.00023390438799999992,
  "nLLP_LLPdecay": 4000,
  "nLLP_LLPdecay_weighted": 0.00023390438799999992,
  "nLLP_InCavern": 19,
  "nLLP_InCavern_weighted": 1.111045843e-06,
  "nLLP_NotInATLAS": 12,
  "nLLP_NotInATLAS_weighted": 7.017131639999999e-07,
  "nLLP_Geometry": 3,
  "nLLP_Geometry_weighted": 1.7542829100000002e-07,
  "nLLP_Tracker": 3,
  "nLLP_Tracker_weighted": 1.7542829100000002e-07,
  "nLLP_MET": 2,
  "nLLP_MET_weighted": 1.1695219400000002e-07,
  "nLLP_IsoJet": 2,
  "nLLP_IsoJet_weighted": 1.1695219400000002e-07,
  "nLLP_IsoCharged": 2,
  "nLLP_IsoCharged_weighted": 1.1695219400000002e-07,
  "nLLP_IsoAll": 2,
  "nLLP_IsoAll_weighted": 1.1695219400000002e-07,
  "nLLP_partners": 0,
  "nLLP_partners_weighted": 0.0
}