{
  "nLLP_original": 4000,
  "nLLP_original_weighted": 0.00021629594800000004,
  "nLLP_LLPdecay": 4000,
  "nLLP_LLPdecay_weighted": 0.00021629594800000004,
  "nLLP_InCavern": 93,
  "nLLP_InCavern_weighted": 5.028880791e-06,
  "nLLP_NotInATLAS": 39,
  "nLLP_NotInATLAS_weighted": 2.1088854929999996e-06,
  "nLLP_Geometry": 12,
  "nLLP_Geometry_weighted": 6.488878440000001e-07,
  "nLLP_Tracker": 12,
  "nLLP_Tracker_weighted": 6.488878440000001e-07,
  "nLLP_MET": 4,
  "nLLP_MET_weighted": 2.1629594800000002e-07,
  "nLLP_IsoJet": 3,
  "nLLP_IsoJet_weighted": 1.62221961e-07,
  "nLLP_IsoCharged": 4,
  "nLLP_IsoCharged_weighted": 2.1629594800000002e-07,
  "nLLP_IsoAll": 3,
  "nLLP_IsoAll_weighted": 1.62221961e-07,
  "nLLP_partners": 0,
  "nLLP_partners_weighted": 0.0
}