{
  "nLLP_original": 4000,
  "nLLP_original_weighted": 0.00029051443199999997,
  "nLLP_LLPdecay": 4000,
  "nLLP_LLPdecay_weighted": 0.00029051443199999997,
  "nLLP_InCavern": 62,
  "nLLP_InCavern_weighted": 4.502973696000004e-06,
  "nLLP_NotInATLAS": 26,
  "nLLP_NotInATLAS_weighted": 1.8883438080000003e-06,
  "nLLP_Geometry": 5,
  "nLLP_Geometry_weighted": 3.631430400000001e-07,
  "nLLP_Tracker": 5,
  "nLLP_Tracker_weighted": 3.631430400000001e-07,
  "nLLP_MET": 3,
  "nLLP_MET_weighted": 2.1788582400000005e-07,
  "nLLP_IsoJet": 3,
  "nLLP_IsoJet_weighted": 2.1788582400000005e-07,
  "nLLP_IsoCharged": 3,
  "nLLP_IsoCharged_weighted": 2.1788582400000005e-07,
  "nLLP_IsoAll": 3,
  "nLLP_IsoAll_weighted": 2.1788582400000005e-07,
  "nLLP_partners": 0,
  "nLLP_partners_weighted": 0.0
}