{
  "nLLP_original": 4000,
  "nLLP_original_weighted": 0.00025918148000000007,
  "nLLP_LLPdecay": 4000,
  "nLLP_LLPdecay_weighted": 0.00025918148000000007,
  "nLLP_InCavern": 1906,
  "nLLP_InCavern_weighted": 0.00012349997522000003,
  "nLLP_NotInATLAS": 646,
  "nLLP_NotInATLAS_weighted": 4.185780902e-05,
  "nLLP_Geometry": 115,
  "nLLP_Geometry_weighted": 7.451467550000001e-06,
  "nLLP_Tracker": 115,
  "nLLP_Tracker_weighted": 7.451467550000001e-06,
  "nLLP_MET": 64,
  "nLLP_MET_weighted": 4.14690368e-06,
  "nLLP_IsoJet": 52,
  "nLLP_IsoJet_weighted": 3.3693592400000003e-06,
  "nLLP_IsoCharged": 64,
  "nLLP_IsoCharged_weighted": 4.14690368e-06,
  "nLLP_IsoAll": 52,
  "nLLP_IsoAll_weighted": 3.3693592400000003e-06,
  "nLLP_partners": 0,
  "nLLP_partners_weighted": 0.0
}