{
  "nLLP_original": 4000,
  "nLLP_original_weighted": 0.00023275923600000003,
  "nLLP_LLPdecay": 4000,
  "nLLP_LLPdecay_weighted": 0.00023275923600000003,
  "nLLP_InCavern": 185,
  "nLLP_InCavern_weighted": 1.0765114665000001e-05,
  "nLLP_NotInATLAS": 88,
  "nLLP_NotInATLAS_weighted": 5.1207031920000005e-06,
  "nLLP_Geometry": 22,
  "nLLP_Geometry_weighted": 1.2801757979999995e-06,
  "nLLP_Tracker": 22,
  "nLLP_Tracker_weighted": 1.2801757979999995e-06,
  "nLLP_MET": 9,
  "nLLP_MET_weighted": 5.23708281e-07,
  "nLLP_IsoJet": 8,
  "nLLP_IsoJet_weighted": 4.65518472e-07,
  "nLLP_IsoCharged": 8,
  "nLLP_IsoCharged_weighted": 4.65518472e-07,
  "nLLP_IsoAll": 8,
  "nLLP_IsoAll_weighted": 4.65518472e-07,
  "nLLP_partners": 0,
  "nLLP_partners_weighted": 0.0
}