{
  "nLLP_original": 2994,
  "nLLP_original_weighted": 0.00021841777303200006,
  "nLLP_LLPdecay": 2994,
  "nLLP_LLPdecay_weighted": 0.00021841777303200006,
  "nLLP_InCavern": 2887,
  "nLLP_InCavern_weighted": 0.00021061192743600005,
  "nLLP_NotInATLAS": 52,
  "nLLP_NotInATLAS_weighted": 3.7934950560000005e-06,
  "nLLP_Geometry": 6,
  "nLLP_Geometry_weighted": 4.37710968e-07,
  "nLLP_Tracker": 6,
  "nLLP_Tracker_weighted": 4.37710968e-07,
  "nLLP_MET": 6,
  "nLLP_MET_weighted": 4.37710968e-07,
  "nLLP_IsoJet": 6,
  "nLLP_IsoJet_weighted": 4.37710968e-07,
  "nLLP_IsoCharged": 6,
  "nLLP_IsoCharged_weighted": 4.37710968e-07,
  "nLLP_IsoAll": 6,
  "nLLP_IsoAll_weighted": 4.37710968e-07,
  "nLLP_partners": 0,
  "nLLP_partners_weighted": 0.0
}