{
  "nLLP_original": 4000,
  "nLLP_original_weighted": 0.00031022313200000016,
  "nLLP_LLPdecay": 4000,
  "nLLP_LLPdecay_weighted": 0.00031022313200000016,
  "nLLP_InCavern": 53,
  "nLLP_InCavern_weighted": 4.110456499000001e-06,
  "nLLP_NotInATLAS": 23,
  "nLLP_NotInATLAS_weighted": 1.7837830090000011e-06,
  "nLLP_Geometry": 3,
  "nLLP_Geometry_weighted": 2.3266734900000005e-07,
  "nLLP_Tracker": 3,
  "nLLP_Tracker_weighted": 2.3266734900000005e-07,
  "nLLP_MET": 2,
  "nLLP_MET_weighted": 1.5511156600000003e-07,
  "nLLP_IsoJet": 2,
  "nLLP_IsoJet_weighted": 1.5511156600000003e-07,
  "nLLP_IsoCharged": 2,
  "nLLP_IsoCharged_weighted": 1.5511156600000003e-07,
  "nLLP_IsoAll": 2,
  "nLLP_IsoAll_weighted": 1.5511156600000003e-07,
  "nLLP_partners": 0,
  "nLLP_partners_weighted": 0.0
}