{
  "nLLP_original": 3156,
  "nLLP_original_weighted": 9.836385362400004e-05,
  "nLLP_LLPdecay": 3156,
  "nLLP_LLPdecay_weighted": 9.836385362400004e-05,
  "nLLP_InCavern": 74,
  "nLLP_InCavern_weighted": 2.306376796e-06,
  "nLLP_NotInATLAS": 33,
  "nLLP_NotInATLAS_weighted": 1.0285193820000002e-06,
  "nLLP_Geometry": 7,
  "nLLP_Geometry_weighted": 2.1817077800000002e-07,
  "nLLP_Tracker": 2,
  "nLLP_Tracker_weighted": 6.233450800000001e-08,
  "nLLP_MET": 2,
  "nLLP_MET_weighted": 6.233450800000001e-08,
  "nLLP_IsoJet": 0,
  "nLLP_IsoJet_weighted": 0.0,
  "nLLP_IsoCharged": 2,
  "nLLP_IsoCharged_weighted": 6.233450800000001e-08,
  "nLLP_IsoAll": 0,
  "nLLP_IsoAll_weighted": 0.0,
  "nLLP_partners": 0,
  "nLLP_partners_weighted": 0.0
}