{
  "nLLP_original": 2634,
  "nLLP_original_weighted": 0.000138465176136,
  "nLLP_LLPdecay": 2634,
  "nLLP_LLPdecay_weighted": 0.000138465176136,
  "nLLP_InCavern": 57,
  "nLLP_InCavern_weighted": 2.9963990279999997e-06,
  "nLLP_NotInATLAS": 21,
  "nLLP_NotInATLAS_weighted": 1.1039364840000003e-06,
  "nLLP_Geometry": 3,
  "nLLP_Geometry_weighted": 1.5770521200000002e-07,
  "nLLP_Tracker": 3,
  "nLLP_Tracker_weighted": 1.5770521200000002e-07,
  "nLLP_MET": 3,
  "nLLP_MET_weighted": 1.5770521200000002e-07,
  "nLLP_IsoJet": 2,
  "nLLP_IsoJet_weighted": 1.0513680800000002e-07,
  "nLLP_IsoCharged": 3,
  "nLLP_IsoCharged_weighted": 1.5770521200000002e-07,
  "nLLP_IsoAll": 2,
  "nLLP_IsoAll_weighted": 1.0513680800000002e-07,
  "nLLP_partners": 0,
  "nLLP_partners_weighted": 0.0
}