{
  "nLLP_original": 4000,
  "nLLP_original_weighted": 0.000209701564,
  "nLLP_LLPdecay": 4000,
  "nLLP_LLPdecay_weighted": 0.000209701564,
  "nLLP_InCavern": 659,
  "nLLP_InCavern_weighted": 3.4548332668999995e-05,
  "nLLP_NotInATLAS": 217,
  "nLLP_NotInATLAS_weighted": 1.1376309847e-05,
  "nLLP_Geometry": 42,
  "nLLP_Geometry_weighted": 2.201866422e-06,
  "nLLP_Tracker": 42,
  "nLLP_Tracker_weighted": 2.201866422e-06,
  "nLLP_MET": 22,
  "nLLP_MET_weighted": 1.153358602e-06,
  "nLLP_IsoJet": 18,
  "nLLP_IsoJet_weighted": 9.436570380000001e-07,
  "nLLP_IsoCharged": 22,
  "nLLP_IsoCharged_weighted": 1.153358602e-06,
  "nLLP_IsoAll": 18,
  "nLLP_IsoAll_weighted": 9.436570380000001e-07,
  "nLLP_partners": 4,
  "nLLP_partners_weighted": 2.0970156400000001e-07
}