{
  "nLLP_original": 4000,
  "nLLP_original_weighted": 0.0002329944080000001,
  "nLLP_LLPdecay": 4000,
  "nLLP_LLPdecay_weighted": 0.0002329944080000001,
  "nLLP_InCavern": 162,
  "nLLP_InCavern_weighted": 9.436273524e-06,
  "nLLP_NotInATLAS": 66,
  "nLLP_NotInATLAS_weighted": 3.844407732e-06,
  "nLLP_Geometry": 14,
  "nLLP_Geometry_weighted": 8.154804280000003e-07,
  "nLLP_Tracker": 14,
  "nLLP_Tracker_weighted": 8.154804280000003e-07,
  "nLLP_MET": 3,
  "nLLP_MET_weighted": 1.7474580600000003e-07,
  "nLLP_IsoJet": 2,
  "nLLP_IsoJet_weighted": 1.1649720400000001e-07,
  "nLLP_IsoCharged": 3,
  "nLLP_IsoCharged_weighted": 1.7474580600000003e-07,
  "nLLP_IsoAll": 2,
  "nLLP_IsoAll_weighted": 1.1649720400000001e-07,
  "nLLP_partners": 0,
  "nLLP_partners_weighted": 0.0
}