{
  "nLLP_original": 3394,
  "nLLP_original_weighted": 0.00019708143440000007,
  "nLLP_LLPdecay": 3394,
  "nLLP_LLPdecay_weighted": 0.00019708143440000007,
  "nLLP_InCavern": 170,
  "nLLP_InCavern_weighted": 9.871492e-06,
  "nLLP_NotInATLAS": 77,
  "nLLP_NotInATLAS_weighted": 4.471205199999999e-06,
  "nLLP_Geometry": 20,
  "nLLP_Geometry_weighted": 1.1613519999999997e-06,
  "nLLP_Tracker": 20,
  "nLLP_Tracker_weighted": 1.1613519999999997e-06,
  "nLLP_MET": 12,
  "nLLP_MET_weighted": 6.968112e-07,
  "nLLP_IsoJet": 10,
  "nLLP_IsoJet_weighted": 5.80676e-07,
  "nLLP_IsoCharged": 12,
  "nLLP_IsoCharged_weighted": 6.968112e-07,
  "nLLP_IsoAll": 10,
  "nLLP_IsoAll_weighted": 5.80676e-07,
  "nLLP_partners": 0,
  "nLLP_partners_weighted": 0.0
}