{
    "1": {
        "mass": 0.00467,
        "charge": -0.3333333333333333,
        "width": null
    },
    "-1": {
        "mass": 0.00467,
        "charge": 0.3333333333333333,
        "width": null
    },
    "2": {
        "mass": 0.00216,
        "charge": 0.6666666666666666,
        "width": null
    },
    "-2": {
        "mass": 0.00216,
        "charge": -0.6666666666666666,
        "width": null
    },
    "3": {
        "mass": 0.09340000000000001,
        "charge": -0.3333333333333333,
        "width": null
    },
    "-3": {
        "mass": 0.09340000000000001,
        "charge": 0.3333333333333333,
        "width": null
    },
    "4": {
        "mass": 1.27,
        "charge": 0.6666666666666666,
        "width": null
    },
    "-4": {
        "mass": 1.27,
        "charge": -0.6666666666666666,
        "width": null
    },
    "5": {
        "mass": 4.18,
        "charge": -0.3333333333333333,
        "width": null
    },
    "-5": {
        "mass": 4.18,
        "charge": 0.3333333333333333,
        "width": null
    },
    "6": {
        "mass": 172.5,
        "charge": 0.6666666666666666,
        "width": 1420.0
    },
    "-6": {
        "mass": 172.5,
        "charge": -0.6666666666666666,
        "width": 1420.0
    },
    "11": {
        "mass": 0.0005109989499999999,
        "charge": -1.0,
        "width": 0.0
    },
    "-11": {
        "mass": 0.0005109989499999999,
        "charge": 1.0,
        "width": 0.0
    },
    "12": {
        "mass": null,
        "charge": 0.0,
        "width": 0.0
    },
    "-12": {
        "mass": null,
        "charge": 0.0,
        "width": 0.0
    },
    "13": {
        "mass": 0.10565837550000001,
        "charge": -1.0,
        "width": 2.9959836e-16
    },
    "-13": {
        "mass": 0.10565837550000001,
        "charge": 1.0,
        "width": 2.9959836e-16
    },
    "14": {
        "mass": null,
        "charge": 0.0,
        "width": 0.0
    },
    "-14": {
        "mass": null,
        "charge": 0.0,
        "width": 0.0
    },
    "15": {
        "mass": 1.7768599999999999,
        "charge": -1.0,
        "width": 2.267e-09
    },
    "-15": {
        "mass": 1.7768599999999999,
        "charge": 1.0,
        "width": 2.267e-09
    },
    "16": {
        "mass": null,
        "charge": 0.0,
        "width": 0.0
    },
    "-16": {
        "mass": null,
        "charge": 0.0,
        "width": 0.0
    },
    "17": {
        "mass": null,
        "charge": -1.0,
        "width": null
    },
    "-17": {
        "mass": null,
        "charge": 1.0,
        "width": null
    },
    "18": {
        "mass": null,
        "charge": 0.0,
        "width": null
    },
    "-18": {
        "mass": null,
        "charge": 0.0,
        "width": null
    },
    "21": {
        "mass": 0.0,
        "charge": 0.0,
        "width": 0.0
    },
    "22": {
        "mass": 0.0,
        "charge": 0.0,
        "width": 0.0
    },
    "23": {
        "mass": 91.1876,
        "charge": 0.0,
        "width": 2495.5
    },
    "24": {
        "mass": 80.377,
        "charge": 1.0,
        "width": 2080.0
    },
    "-24": {
        "mass": 80.377,
        "charge": -1.0,
        "width": 2080.0
    },
    "25": {
        "mass": 125.25,
        "charge": 0.0,
        "width": 3.2
    },
    "111": {
        "mass": 0.1349768,
        "charge": 0.0,
        "width": 7.81e-06,
        "mDecays": 0.13019999999999998
    },
    "113": {
        "mass": 0.7752600000000001,
        "charge": 0.0,
        "width": 149.1,
        "Kappah": 0.53278,
        "gh": 0.162
    },
    "115": {
        "mass": 1.3182,
        "charge": 0.0,
        "width": 107.0
    },
    "117": {
        "mass": 1.6888,
        "charge": 0.0,
        "width": 161.0
    },
    "119": {
        "mass": 1.967,
        "charge": 0.0,
        "width": 324.0
    },
    "130": {
        "mass": 0.497611,
        "charge": 0.0,
        "width": 1.287e-14
    },
    "211": {
        "mass": 0.13957039000000002,
        "charge": 1.0,
        "width": 2.5284e-14,
        "mDecays": 0.13019999999999998,
        "CKM": 0.97373
    },
    "-211": {
        "mass": 0.13957039000000002,
        "charge": -1.0,
        "width": 2.5284e-14
    },
    "213": {
        "mass": 0.7752600000000001,
        "charge": 1.0,
        "width": 149.1,
        "gh": 0.162,
        "CKM": 0.97373
    },
    "-213": {
        "mass": 0.7752600000000001,
        "charge": -1.0,
        "width": 149.1
    },
    "215": {
        "mass": 1.3182,
        "charge": 1.0,
        "width": 107.0
    },
    "-215": {
        "mass": 1.3182,
        "charge": -1.0,
        "width": 107.0
    },
    "217": {
        "mass": 1.6888,
        "charge": 1.0,
        "width": 161.0
    },
    "-217": {
        "mass": 1.6888,
        "charge": -1.0,
        "width": 161.0
    },
    "219": {
        "mass": 1.967,
        "charge": 1.0,
        "width": 324.0
    },
    "-219": {
        "mass": 1.967,
        "charge": -1.0,
        "width": 324.0
    },
    "221": {
        "mass": 0.547862,
        "charge": 0.0,
        "width": 0.00131,
        "mDecays": 0.08170000000000001
    },
    "223": {
        "mass": 0.78266,
        "charge": 0.0,
        "width": 8.68,
        "Kappah": 0.31148,
        "gh": 0.153
    },
    "225": {
        "mass": 1.2754,
        "charge": 0.0,
        "width": 186.6
    },
    "227": {
        "mass": 1.667,
        "charge": 0.0,
        "width": 168.0
    },
    "229": {
        "mass": 2.0180000000000002,
        "charge": 0.0,
        "width": 237.0
    },
    "310": {
        "mass": 0.497611,
        "charge": 0.0,
        "width": 7.3508e-12
    },
    "311": {
        "mass": 0.497611,
        "charge": 0.0,
        "width": null
    },
    "-311": {
        "mass": 0.497611,
        "charge": 0.0,
        "width": null
    },
    "313": {
        "mass": 0.89555,
        "charge": 0.0,
        "width": 47.3
    },
    "-313": {
        "mass": 0.89555,
        "charge": 0.0,
        "width": 47.3
    },
    "315": {
        "mass": 1.4324000000000001,
        "charge": 0.0,
        "width": 109.0
    },
    "-315": {
        "mass": 1.4324000000000001,
        "charge": 0.0,
        "width": 109.0
    },
    "317": {
        "mass": 1.7790000000000001,
        "charge": 0.0,
        "width": 161.0
    },
    "-317": {
        "mass": 1.7790000000000001,
        "charge": 0.0,
        "width": 161.0
    },
    "319": {
        "mass": 2.048,
        "charge": 0.0,
        "width": 199.0
    },
    "-319": {
        "mass": 2.048,
        "charge": 0.0,
        "width": 199.0
    },
    "321": {
        "mass": 0.49367700000000003,
        "charge": 1.0,
        "width": 5.317e-14,
        "mDecays": 0.1557,
        "CKM": 0.225
    },
    "-321": {
        "mass": 0.49367700000000003,
        "charge": -1.0,
        "width": 5.317e-14
    },
    "323": {
        "mass": 0.89167,
        "charge": 1.0,
        "width": 51.4
    },
    "-323": {
        "mass": 0.89167,
        "charge": -1.0,
        "width": 51.4
    },
    "325": {
        "mass": 1.4273,
        "charge": 1.0,
        "width": 100.0
    },
    "-325": {
        "mass": 1.4273,
        "charge": -1.0,
        "width": 100.0
    },
    "327": {
        "mass": 1.7790000000000001,
        "charge": 1.0,
        "width": 161.0
    },
    "-327": {
        "mass": 1.7790000000000001,
        "charge": -1.0,
        "width": 161.0
    },
    "329": {
        "mass": 2.048,
        "charge": 1.0,
        "width": 199.0
    },
    "-329": {
        "mass": 2.048,
        "charge": -1.0,
        "width": 199.0
    },
    "331": {
        "mass": 0.95778,
        "charge": 0.0,
        "width": 0.188,
        "mDecays": -0.0947
    },
    "333": {
        "mass": 1.019461,
        "charge": 0.0,
        "width": 4.249,
        "Kappah": -0.68852,
        "gh": 0.234
    },
    "335": {
        "mass": 1.5174,
        "charge": 0.0,
        "width": 86.0
    },