{
  "nLLP_original": 4000,
  "nLLP_original_weighted": 0.00021027361599999995,
  "nLLP_LLPdecay": 4000,
  "nLLP_LLPdecay_weighted": 0.00021027361599999995,
  "nLLP_InCavern": 3942,
  "nLLP_InCavern_weighted": 0.00020722464856799992,
  "nLLP_NotInATLAS": 37,
  "nLLP_NotInATLAS_weighted": 1.9450309480000005e-06,
  "nLLP_Geometry": 1,
  "nLLP_Geometry_weighted": 5.256840400000001e-08,
  "nLLP_Tracker": 1,
  "nLLP_Tracker_weighted": 5.256840400000001e-08,
  "nLLP_MET": 1,
  "nLLP_MET_weighted": 5.256840400000001e-08,
  "nLLP_IsoJet": 1,
  "nLLP_IsoJet_weighted": 5.256840400000001e-08,
  "nLLP_IsoCharged": 1,
  "nLLP_IsoCharged_weighted": 5.256840400000001e-08,
  "nLLP_IsoAll": 1,
  "nLLP_IsoAll_weighted": 5.256840400000001e-08,
  "nLLP_partners": 0,
  "nLLP_partners_weighted": 0.0
}