{
  "nLLP_original": 4000,
  "nLLP_original_weighted": 0.00021563821999999992,
  "nLLP_LLPdecay": 4000,
  "nLLP_LLPdecay_weighted": 0.00021563821999999992,
  "nLLP_InCavern": 3151,
  "nLLP_InCavern_weighted": 0.00016986900780499998,
  "nLLP_NotInATLAS": 565,
  "nLLP_NotInATLAS_weighted": 3.0458898575e-05,
  "nLLP_Geometry": 97,
  "nLLP_Geometry_weighted": 5.229226834999999e-06,
  "nLLP_Tracker": 97,
  "nLLP_Tracker_weighted": 5.229226834999999e-06,
  "nLLP_MET": 66,
  "nLLP_MET_weighted": 3.5580306300000004e-06,
  "nLLP_IsoJet": 56,
  "nLLP_IsoJet_weighted": 3.01893508e-06,
  "nLLP_IsoCharged": 66,
  "nLLP_IsoCharged_weighted": 3.5580306300000004e-06,
  "nLLP_IsoAll": 56,
  "nLLP_IsoAll_weighted": 3.01893508e-06,
  "nLLP_partners": 0,
  "nLLP_partners_weighted": 0.0
}