{
  "nLLP_original": 4000,
  "nLLP_original_weighted": 0.00030962465199999993,
  "nLLP_LLPdecay": 4000,
  "nLLP_LLPdecay_weighted": 0.00030962465199999993,
  "nLLP_InCavern": 536,
  "nLLP_InCavern_weighted": 4.1489703368e-05,
  "nLLP_NotInATLAS": 218,
  "nLLP_NotInATLAS_weighted": 1.6874543534e-05,
  "nLLP_Geometry": 43,
  "nLLP_Geometry_weighted": 3.3284650089999996e-06,
  "nLLP_Tracker": 43,
  "nLLP_Tracker_weighted": 3.3284650089999996e-06,
  "nLLP_MET": 22,
  "nLLP_MET_weighted": 1.7029355859999993e-06,
  "nLLP_IsoJet": 17,
  "nLLP_IsoJet_weighted": 1.3159047709999998e-06,
  "nLLP_IsoCharged": 22,
  "nLLP_IsoCharged_weighted": 1.7029355859999993e-06,
  "nLLP_IsoAll": 17,
  "nLLP_IsoAll_weighted": 1.3159047709999998e-06,
  "nLLP_partners": 0,
  "nLLP_partners_weighted": 0.0
}