{
  "nLLP_original": 4000,
  "nLLP_original_weighted": 0.0002590828480000001,
  "nLLP_LLPdecay": 4000,
  "nLLP_LLPdecay_weighted": 0.0002590828480000001,
  "nLLP_InCavern": 34,
  "nLLP_InCavern_weighted": 2.2022042080000003e-06,
  "nLLP_NotInATLAS": 14,
  "nLLP_NotInATLAS_weighted": 9.067899680000005e-07,
  "nLLP_Geometry": 2,
  "nLLP_Geometry_weighted": 1.2954142400000004e-07,
  "nLLP_Tracker": 2,
  "nLLP_Tracker_weighted": 1.2954142400000004e-07,
  "nLLP_MET": 2,
  "nLLP_MET_weighted": 1.2954142400000004e-07,
  "nLLP_IsoJet": 2,
  "nLLP_IsoJet_weighted": 1.2954142400000004e-07,
  "nLLP_IsoCharged": 2,
  "nLLP_IsoCharged_weighted": 1.2954142400000004e-07,
  "nLLP_IsoAll": 2,
  "nLLP_IsoAll_weighted": 1.2954142400000004e-07,
  "nLLP_partners": 0,
  "nLLP_partners_weighted": 0.0
}