{
  "nLLP_original": 4000,
  "nLLP_original_weighted": 0.00031022313200000016,
  "nLLP_LLPdecay": 4000,
  "nLLP_LLPdecay_weighted": 0.00031022313200000016,
  "nLLP_InCavern": 3912,
  "nLLP_InCavern_weighted": 0.00030339822309600014,
  "nLLP_NotInATLAS": 57,
  "nLLP_NotInATLAS_weighted": 4.420679631000001e-06,
  "nLLP_Geometry": 4,
  "nLLP_Geometry_weighted": 3.1022313200000007e-07,
  "nLLP_Tracker": 4,
  "nLLP_Tracker_weighted": 3.1022313200000007e-07,
  "nLLP_MET": 4,
  "nLLP_MET_weighted": 3.1022313200000007e-07,
  "nLLP_IsoJet": 4,
  "nLLP_IsoJet_weighted": 3.1022313200000007e-07,
  "nLLP_IsoCharged": 4,
  "nLLP_IsoCharged_weighted": 3.1022313200000007e-07,
  "nLLP_IsoAll": 4,
  "nLLP_IsoAll_weighted": 3.1022313200000007e-07,
  "nLLP_partners": 0,
  "nLLP_partners_weighted": 0.0
}