{
  "nLLP_original": 4000,
  "nLLP_original_weighted": 0.00023320899600000008,
  "nLLP_LLPdecay": 4000,
  "nLLP_LLPdecay_weighted": 0.00023320899600000008,
  "nLLP_InCavern": 194,
  "nLLP_InCavern_weighted": 1.1310636306000002e-05,
  "nLLP_NotInATLAS": 93,
  "nLLP_NotInATLAS_weighted": 5.422109157e-06,
  "nLLP_Geometry": 27,
  "nLLP_Geometry_weighted": 1.5741607229999998e-06,
  "nLLP_Tracker": 27,
  "nLLP_Tracker_weighted": 1.5741607229999998e-06,
  "nLLP_MET": 18,
  "nLLP_MET_weighted": 1.049440482e-06,
  "nLLP_IsoJet": 15,
  "nLLP_IsoJet_weighted": 8.745337350000002e-07,
  "nLLP_IsoCharged": 18,
  "nLLP_IsoCharged_weighted": 1.049440482e-06,
  "nLLP_IsoAll": 15,
  "nLLP_IsoAll_weighted": 8.745337350000002e-07,
  "nLLP_partners": 0,
  "nLLP_partners_weighted": 0.0
}