{
  "nLLP_original": 3932,
  "nLLP_original_weighted": 0.00021197237025999996,
  "nLLP_LLPdecay": 3932,
  "nLLP_LLPdecay_weighted": 0.00021197237025999996,
  "nLLP_InCavern": 805,
  "nLLP_InCavern_weighted": 4.339719177499999e-05,
  "nLLP_NotInATLAS": 357,
  "nLLP_NotInATLAS_weighted": 1.9245711134999997e-05,
  "nLLP_Geometry": 86,
  "nLLP_Geometry_weighted": 4.636221729999998e-06,
  "nLLP_Tracker": 86,
  "nLLP_Tracker_weighted": 4.636221729999998e-06,
  "nLLP_MET": 45,
  "nLLP_MET_weighted": 2.4259299750000004e-06,
  "nLLP_IsoJet": 35,
  "nLLP_IsoJet_weighted": 1.8868344250000003e-06,
  "nLLP_IsoCharged": 45,
  "nLLP_IsoCharged_weighted": 2.4259299750000004e-06,
  "nLLP_IsoAll": 35,
  "nLLP_IsoAll_weighted": 1.8868344250000003e-06,
  "nLLP_partners": 0,
  "nLLP_partners_weighted": 0.0
}