{
  "nLLP_original": 4000,
  "nLLP_original_weighted": 0.0002590828480000001,
  "nLLP_LLPdecay": 4000,
  "nLLP_LLPdecay_weighted": 0.0002590828480000001,
  "nLLP_InCavern": 288,
  "nLLP_InCavern_weighted": 1.8653965056000007e-05,
  "nLLP_NotInATLAS": 131,
  "nLLP_NotInATLAS_weighted": 8.484963272000002e-06,
  "nLLP_Geometry": 35,
  "nLLP_Geometry_weighted": 2.26697492e-06,
  "nLLP_Tracker": 35,
  "nLLP_Tracker_weighted": 2.26697492e-06,
  "nLLP_MET": 19,
  "nLLP_MET_weighted": 1.2306435280000005e-06,
  "nLLP_IsoJet": 16,
  "nLLP_IsoJet_weighted": 1.0363313920000003e-06,
  "nLLP_IsoCharged": 19,
  "nLLP_IsoCharged_weighted": 1.2306435280000005e-06,
  "nLLP_IsoAll": 16,
  "nLLP_IsoAll_weighted": 1.0363313920000003e-06,
  "nLLP_partners": 0,
  "nLLP_partners_weighted": 0.0
}