{
  "nLLP_original": 4000,
  "nLLP_original_weighted": 0.00029158990800000003,
  "nLLP_LLPdecay": 4000,
  "nLLP_LLPdecay_weighted": 0.00029158990800000003,
  "nLLP_InCavern": 48,
  "nLLP_InCavern_weighted": 3.499078896000001e-06,
  "nLLP_NotInATLAS": 22,
  "nLLP_NotInATLAS_weighted": 1.6037444940000005e-06,
  "nLLP_Geometry": 6,
  "nLLP_Geometry_weighted": 4.3738486200000013e-07,
  "nLLP_Tracker": 6,
  "nLLP_Tracker_weighted": 4.3738486200000013e-07,
  "nLLP_MET": 2,
  "nLLP_MET_weighted": 1.4579495400000003e-07,
  "nLLP_IsoJet": 1,
  "nLLP_IsoJet_weighted": 7.289747700000002e-08,
  "nLLP_IsoCharged": 2,
  "nLLP_IsoCharged_weighted": 1.4579495400000003e-07,
  "nLLP_IsoAll": 1,
  "nLLP_IsoAll_weighted": 7.289747700000002e-08,
  "nLLP_partners": 0,
  "nLLP_partners_weighted": 0.0
}