{
  "nLLP_original": 4000,
  "nLLP_original_weighted": 0.00025910896000000004,
  "nLLP_LLPdecay": 4000,
  "nLLP_LLPdecay_weighted": 0.00025910896000000004,
  "nLLP_InCavern": 3790,
  "nLLP_InCavern_weighted": 0.0002455057396000001,
  "nLLP_NotInATLAS": 139,
  "nLLP_NotInATLAS_weighted": 9.004036360000003e-06,
  "nLLP_Geometry": 18,
  "nLLP_Geometry_weighted": 1.16599032e-06,
  "nLLP_Tracker": 18,
  "nLLP_Tracker_weighted": 1.16599032e-06,
  "nLLP_MET": 17,
  "nLLP_MET_weighted": 1.10121308e-06,
  "nLLP_IsoJet": 16,
  "nLLP_IsoJet_weighted": 1.03643584e-06,
  "nLLP_IsoCharged": 17,
  "nLLP_IsoCharged_weighted": 1.10121308e-06,
  "nLLP_IsoAll": 16,
  "nLLP_IsoAll_weighted": 1.03643584e-06,
  "nLLP_partners": 0,
  "nLLP_partners_weighted": 0.0
}