{
  "nLLP_original": 3276,
  "nLLP_original_weighted": 0.000253944492984,
  "nLLP_LLPdecay": 3276,
  "nLLP_LLPdecay_weighted": 0.000253944492984,
  "nLLP_InCavern": 2076,
  "nLLP_InCavern_weighted": 0.000160924532184,
  "nLLP_NotInATLAS": 435,
  "nLLP_NotInATLAS_weighted": 3.3719735789999994e-05,
  "nLLP_Geometry": 55,
  "nLLP_Geometry_weighted": 4.263414869999998e-06,
  "nLLP_Tracker": 55,
  "nLLP_Tracker_weighted": 4.263414869999998e-06,
  "nLLP_MET": 32,
  "nLLP_MET_weighted": 2.480532288e-06,
  "nLLP_IsoJet": 24,
  "nLLP_IsoJet_weighted": 1.8603992160000001e-06,
  "nLLP_IsoCharged": 32,
  "nLLP_IsoCharged_weighted": 2.480532288e-06,
  "nLLP_IsoAll": 24,
  "nLLP_IsoAll_weighted": 1.8603992160000001e-06,
  "nLLP_partners": 2,
  "nLLP_partners_weighted": 1.55033268e-07
}