{
  "nLLP_original": 4000,
  "nLLP_original_weighted": 0.00025918148000000007,
  "nLLP_LLPdecay": 4000,
  "nLLP_LLPdecay_weighted": 0.00025918148000000007,
  "nLLP_InCavern": 3761,
  "nLLP_InCavern_weighted": 0.00024369538657000004,
  "nLLP_NotInATLAS": 148,
  "nLLP_NotInATLAS_weighted": 9.58971476e-06,
  "nLLP_Geometry": 18,
  "nLLP_Geometry_weighted": 1.1663166599999998e-06,
  "nLLP_Tracker": 18,
  "nLLP_Tracker_weighted": 1.1663166599999998e-06,
  "nLLP_MET": 14,
  "nLLP_MET_weighted": 9.071351800000002e-07,
  "nLLP_IsoJet": 14,
  "nLLP_IsoJet_weighted": 9.071351800000002e-07,
  "nLLP_IsoCharged": 14,
  "nLLP_IsoCharged_weighted": 9.071351800000002e-07,
  "nLLP_IsoAll": 14,
  "nLLP_IsoAll_weighted": 9.071351800000002e-07,
  "nLLP_partners": 0,
  "nLLP_partners_weighted": 0.0
}