{
  "nLLP_original": 4000,
  "nLLP_original_weighted": 0.000210143772,
  "nLLP_LLPdecay": 4000,
  "nLLP_LLPdecay_weighted": 0.000210143772,
  "nLLP_InCavern": 2752,
  "nLLP_InCavern_weighted": 0.00014457891513600002,
  "nLLP_NotInATLAS": 389,
  "nLLP_NotInATLAS_weighted": 2.0436481827000003e-05,
  "nLLP_Geometry": 48,
  "nLLP_Geometry_weighted": 2.521725264e-06,
  "nLLP_Tracker": 48,
  "nLLP_Tracker_weighted": 2.521725264e-06,
  "nLLP_MET": 44,
  "nLLP_MET_weighted": 2.311581492e-06,
  "nLLP_IsoJet": 42,
  "nLLP_IsoJet_weighted": 2.206509606e-06,
  "nLLP_IsoCharged": 44,
  "nLLP_IsoCharged_weighted": 2.311581492e-06,
  "nLLP_IsoAll": 42,
  "nLLP_IsoAll_weighted": 2.206509606e-06,
  "nLLP_partners": 6,
  "nLLP_partners_weighted": 3.15215658e-07
}