{
  "nLLP_original": 3184,
  "nLLP_original_weighted": 0.00016787916052799997,
  "nLLP_LLPdecay": 3184,
  "nLLP_LLPdecay_weighted": 0.00016787916052799997,
  "nLLP_InCavern": 3139,
  "nLLP_InCavern_weighted": 0.00016550649651299998,
  "nLLP_NotInATLAS": 26,
  "nLLP_NotInATLAS_weighted": 1.3708725420000002e-06,
  "nLLP_Geometry": 1,
  "nLLP_Geometry_weighted": 5.2725867000000006e-08,
  "nLLP_Tracker": 1,
  "nLLP_Tracker_weighted": 5.2725867000000006e-08,
  "nLLP_MET": 1,
  "nLLP_MET_weighted": 5.2725867000000006e-08,
  "nLLP_IsoJet": 1,
  "nLLP_IsoJet_weighted": 5.2725867000000006e-08,
  "nLLP_IsoCharged": 1,
  "nLLP_IsoCharged_weighted": 5.2725867000000006e-08,
  "nLLP_IsoAll": 1,
  "nLLP_IsoAll_weighted": 5.2725867000000006e-08,
  "nLLP_partners": 0,
  "nLLP_partners_weighted": 0.0
}