{
  "nLLP_original": 2884,
  "nLLP_original_weighted": 0.00018679873340800008,
  "nLLP_LLPdecay": 2884,
  "nLLP_LLPdecay_weighted": 0.00018679873340800008,
  "nLLP_InCavern": 210,
  "nLLP_InCavern_weighted": 1.3601849520000008e-05,
  "nLLP_NotInATLAS": 91,
  "nLLP_NotInATLAS_weighted": 5.894134792000003e-06,
  "nLLP_Geometry": 16,
  "nLLP_Geometry_weighted": 1.0363313920000003e-06,
  "nLLP_Tracker": 16,
  "nLLP_Tracker_weighted": 1.0363313920000003e-06,
  "nLLP_MET": 10,
  "nLLP_MET_weighted": 6.477071200000003e-07,
  "nLLP_IsoJet": 7,
  "nLLP_IsoJet_weighted": 4.533949840000001e-07,
  "nLLP_IsoCharged": 10,
  "nLLP_IsoCharged_weighted": 6.477071200000003e-07,
  "nLLP_IsoAll": 7,
  "nLLP_IsoAll_weighted": 4.533949840000001e-07,
  "nLLP_partners": 0,
  "nLLP_partners_weighted": 0.0
}