{
  "nLLP_original": 4000,
  "nLLP_original_weighted": 0.00029051443199999997,
  "nLLP_LLPdecay": 4000,
  "nLLP_LLPdecay_weighted": 0.00029051443199999997,
  "nLLP_InCavern": 3846,
  "nLLP_InCavern_weighted": 0.000279329626368,
  "nLLP_NotInATLAS": 69,
  "nLLP_NotInATLAS_weighted": 5.011373952000003e-06,
  "nLLP_Geometry": 5,
  "nLLP_Geometry_weighted": 3.631430400000001e-07,
  "nLLP_Tracker": 5,
  "nLLP_Tracker_weighted": 3.631430400000001e-07,
  "nLLP_MET": 5,
  "nLLP_MET_weighted": 3.631430400000001e-07,
  "nLLP_IsoJet": 4,
  "nLLP_IsoJet_weighted": 2.9051443200000006e-07,
  "nLLP_IsoCharged": 5,
  "nLLP_IsoCharged_weighted": 3.631430400000001e-07,
  "nLLP_IsoAll": 4,
  "nLLP_IsoAll_weighted": 2.9051443200000006e-07,
  "nLLP_partners": 0,
  "nLLP_partners_weighted": 0.0
}