{
  "nLLP_original": 4000,
  "nLLP_original_weighted": 0.00012436711199999997,
  "nLLP_LLPdecay": 4000,
  "nLLP_LLPdecay_weighted": 0.00012436711199999997,
  "nLLP_InCavern": 3154,
  "nLLP_InCavern_weighted": 9.806346781199997e-05,
  "nLLP_NotInATLAS": 624,
  "nLLP_NotInATLAS_weighted": 1.9401269471999998e-05,
  "nLLP_Geometry": 122,
  "nLLP_Geometry_weighted": 3.793196915999999e-06,
  "nLLP_Tracker": 22,
  "nLLP_Tracker_weighted": 6.840191160000002e-07,
  "nLLP_MET": 14,
  "nLLP_MET_weighted": 4.352848919999999e-07,
  "nLLP_IsoJet": 9,
  "nLLP_IsoJet_weighted": 2.79826002e-07,
  "nLLP_IsoCharged": 14,
  "nLLP_IsoCharged_weighted": 4.352848919999999e-07,
  "nLLP_IsoAll": 9,
  "nLLP_IsoAll_weighted": 2.79826002e-07,
  "nLLP_partners": 0,
  "nLLP_partners_weighted": 0.0
}