{
  "nLLP_original": 4000,
  "nLLP_original_weighted": 0.00030962465199999993,
  "nLLP_LLPdecay": 4000,
  "nLLP_LLPdecay_weighted": 0.00030962465199999993,
  "nLLP_InCavern": 2562,
  "nLLP_InCavern_weighted": 0.00019831458960599998,
  "nLLP_NotInATLAS": 560,
  "nLLP_NotInATLAS_weighted": 4.334745128e-05,
  "nLLP_Geometry": 90,
  "nLLP_Geometry_weighted": 6.96655467e-06,
  "nLLP_Tracker": 90,
  "nLLP_Tracker_weighted": 6.96655467e-06,
  "nLLP_MET": 65,
  "nLLP_MET_weighted": 5.0314005949999995e-06,
  "nLLP_IsoJet": 51,
  "nLLP_IsoJet_weighted": 3.947714313e-06,
  "nLLP_IsoCharged": 65,
  "nLLP_IsoCharged_weighted": 5.0314005949999995e-06,
  "nLLP_IsoAll": 51,
  "nLLP_IsoAll_weighted": 3.947714313e-06,
  "nLLP_partners": 0,
  "nLLP_partners_weighted": 0.0
}