{
  "nLLP_original": 4000,
  "nLLP_original_weighted": 0.00023275923600000003,
  "nLLP_LLPdecay": 4000,
  "nLLP_LLPdecay_weighted": 0.00023275923600000003,
  "nLLP_InCavern": 1452,
  "nLLP_InCavern_weighted": 8.4491602668e-05,
  "nLLP_NotInATLAS": 582,
  "nLLP_NotInATLAS_weighted": 3.3866468838e-05,
  "nLLP_Geometry": 130,
  "nLLP_Geometry_weighted": 7.564675170000001e-06,
  "nLLP_Tracker": 130,
  "nLLP_Tracker_weighted": 7.564675170000001e-06,
  "nLLP_MET": 67,
  "nLLP_MET_weighted": 3.898717203000001e-06,
  "nLLP_IsoJet": 55,
  "nLLP_IsoJet_weighted": 3.2004394949999997e-06,
  "nLLP_IsoCharged": 67,
  "nLLP_IsoCharged_weighted": 3.898717203000001e-06,
  "nLLP_IsoAll": 55,
  "nLLP_IsoAll_weighted": 3.2004394949999997e-06,
  "nLLP_partners": 2,
  "nLLP_partners_weighted": 1.16379618e-07
}