{
  "nLLP_original": 4000,
  "nLLP_original_weighted": 0.00021626378399999994,
  "nLLP_LLPdecay": 4000,
  "nLLP_LLPdecay_weighted": 0.00021626378399999994,
  "nLLP_InCavern": 3182,
  "nLLP_InCavern_weighted": 0.00017203784017199997,
  "nLLP_NotInATLAS": 609,
  "nLLP_NotInATLAS_weighted": 3.2926161114e-05,
  "nLLP_Geometry": 93,
  "nLLP_Geometry_weighted": 5.028132977999999e-06,
  "nLLP_Tracker": 93,
  "nLLP_Tracker_weighted": 5.028132977999999e-06,
  "nLLP_MET": 58,
  "nLLP_MET_weighted": 3.135824868e-06,
  "nLLP_IsoJet": 44,
  "nLLP_IsoJet_weighted": 2.3789016239999998e-06,
  "nLLP_IsoCharged": 58,
  "nLLP_IsoCharged_weighted": 3.135824868e-06,
  "nLLP_IsoAll": 44,
  "nLLP_IsoAll_weighted": 2.3789016239999998e-06,
  "nLLP_partners": 0,
  "nLLP_partners_weighted": 0.0
}