{
  "nLLP_original": 4000,
  "nLLP_original_weighted": 0.00012451880000000003,
  "nLLP_LLPdecay": 4000,
  "nLLP_LLPdecay_weighted": 0.00012451880000000003,
  "nLLP_InCavern": 3208,
  "nLLP_InCavern_weighted": 9.986407760000004e-05,
  "nLLP_NotInATLAS": 601,
  "nLLP_NotInATLAS_weighted": 1.8708949700000002e-05,
  "nLLP_Geometry": 115,
  "nLLP_Geometry_weighted": 3.5799155000000014e-06,
  "nLLP_Tracker": 23,
  "nLLP_Tracker_weighted": 7.159830999999997e-07,
  "nLLP_MET": 14,
  "nLLP_MET_weighted": 4.3581580000000006e-07,
  "nLLP_IsoJet": 12,
  "nLLP_IsoJet_weighted": 3.7355640000000003e-07,
  "nLLP_IsoCharged": 14,
  "nLLP_IsoCharged_weighted": 4.3581580000000006e-07,
  "nLLP_IsoAll": 12,
  "nLLP_IsoAll_weighted": 3.7355640000000003e-07,
  "nLLP_partners": 0,
  "nLLP_partners_weighted": 0.0
}