{
  "nLLP_original": 2426,
  "nLLP_original_weighted": 0.00012734800101800003,
  "nLLP_LLPdecay": 2426,
  "nLLP_LLPdecay_weighted": 0.00012734800101800003,
  "nLLP_InCavern": 46,
  "nLLP_InCavern_weighted": 2.4146776779999992e-06,
  "nLLP_NotInATLAS": 16,
  "nLLP_NotInATLAS_weighted": 8.398878880000001e-07,
  "nLLP_Geometry": 4,
  "nLLP_Geometry_weighted": 2.0997197200000003e-07,
  "nLLP_Tracker": 4,
  "nLLP_Tracker_weighted": 2.0997197200000003e-07,
  "nLLP_MET": 2,
  "nLLP_MET_weighted": 1.0498598600000001e-07,
  "nLLP_IsoJet": 2,
  "nLLP_IsoJet_weighted": 1.0498598600000001e-07,
  "nLLP_IsoCharged": 2,
  "nLLP_IsoCharged_weighted": 1.0498598600000001e-07,
  "nLLP_IsoAll": 2,
  "nLLP_IsoAll_weighted": 1.0498598600000001e-07,
  "nLLP_partners": 0,
  "nLLP_partners_weighted": 0.0
}