{
  "nLLP_original": 654,
  "nLLP_original_weighted": 4.2447439013999994e-05,
  "nLLP_LLPdecay": 654,
  "nLLP_LLPdecay_weighted": 4.2447439013999994e-05,
  "nLLP_InCavern": 306,
  "nLLP_InCavern_weighted": 1.9860728345999997e-05,
  "nLLP_NotInATLAS": 107,
  "nLLP_NotInATLAS_weighted": 6.944764487e-06,
  "nLLP_Geometry": 25,
  "nLLP_Geometry_weighted": 1.622608525e-06,
  "nLLP_Tracker": 25,
  "nLLP_Tracker_weighted": 1.622608525e-06,
  "nLLP_MET": 15,
  "nLLP_MET_weighted": 9.735651149999999e-07,
  "nLLP_IsoJet": 11,
  "nLLP_IsoJet_weighted": 7.13947751e-07,
  "nLLP_IsoCharged": 15,
  "nLLP_IsoCharged_weighted": 9.735651149999999e-07,
  "nLLP_IsoAll": 11,
  "nLLP_IsoAll_weighted": 7.13947751e-07,
  "nLLP_partners": 0,
  "nLLP_partners_weighted": 0.0
}