{
  "nLLP_original": 4000,
  "nLLP_original_weighted": 0.00029180731200000005,
  "nLLP_LLPdecay": 4000,
  "nLLP_LLPdecay_weighted": 0.00029180731200000005,
  "nLLP_InCavern": 395,
  "nLLP_InCavern_weighted": 2.8815972060000006e-05,
  "nLLP_NotInATLAS": 167,
  "nLLP_NotInATLAS_weighted": 1.2182955276000003e-05,
  "nLLP_Geometry": 38,
  "nLLP_Geometry_weighted": 2.772169464000001e-06,
  "nLLP_Tracker": 38,
  "nLLP_Tracker_weighted": 2.772169464000001e-06,
  "nLLP_MET": 23,
  "nLLP_MET_weighted": 1.6778920439999996e-06,
  "nLLP_IsoJet": 14,
  "nLLP_IsoJet_weighted": 1.0213255920000002e-06,
  "nLLP_IsoCharged": 22,
  "nLLP_IsoCharged_weighted": 1.6049402159999996e-06,
  "nLLP_IsoAll": 14,
  "nLLP_IsoAll_weighted": 1.0213255920000002e-06,
  "nLLP_partners": 0,
  "nLLP_partners_weighted": 0.0
}