{
  "nLLP_original": 3748,
  "nLLP_original_weighted": 0.0002723281770520001,
  "nLLP_LLPdecay": 3748,
  "nLLP_LLPdecay_weighted": 0.0002723281770520001,
  "nLLP_InCavern": 3607,
  "nLLP_InCavern_weighted": 0.0002620831735930001,
  "nLLP_NotInATLAS": 60,
  "nLLP_NotInATLAS_weighted": 4.359575939999999e-06,
  "nLLP_Geometry": 8,
  "nLLP_Geometry_weighted": 5.81276792e-07,
  "nLLP_Tracker": 8,
  "nLLP_Tracker_weighted": 5.81276792e-07,
  "nLLP_MET": 8,
  "nLLP_MET_weighted": 5.81276792e-07,
  "nLLP_IsoJet": 8,
  "nLLP_IsoJet_weighted": 5.81276792e-07,
  "nLLP_IsoCharged": 8,
  "nLLP_IsoCharged_weighted": 5.81276792e-07,
  "nLLP_IsoAll": 8,
  "nLLP_IsoAll_weighted": 5.81276792e-07,
  "nLLP_partners": 0,
  "nLLP_partners_weighted": 0.0
}