{
  "nLLP_original": 3312,
  "nLLP_original_weighted": 0.00021416184230400013,
  "nLLP_LLPdecay": 3312,
  "nLLP_LLPdecay_weighted": 0.00021416184230400013,
  "nLLP_InCavern": 3143,
  "nLLP_InCavern_weighted": 0.0002032338980560001,
  "nLLP_NotInATLAS": 115,
  "nLLP_NotInATLAS_weighted": 7.436175080000005e-06,
  "nLLP_Geometry": 9,
  "nLLP_Geometry_weighted": 5.819615280000002e-07,
  "nLLP_Tracker": 9,
  "nLLP_Tracker_weighted": 5.819615280000002e-07,
  "nLLP_MET": 9,
  "nLLP_MET_weighted": 5.819615280000002e-07,
  "nLLP_IsoJet": 8,
  "nLLP_IsoJet_weighted": 5.172991360000002e-07,
  "nLLP_IsoCharged": 9,
  "nLLP_IsoCharged_weighted": 5.819615280000002e-07,
  "nLLP_IsoAll": 8,
  "nLLP_IsoAll_weighted": 5.172991360000002e-07,
  "nLLP_partners": 2,
  "nLLP_partners_weighted": 1.2932478400000004e-07
}