{
  "nLLP_original": 4000,
  "nLLP_original_weighted": 0.00023296348799999993,
  "nLLP_LLPdecay": 4000,
  "nLLP_LLPdecay_weighted": 0.00023296348799999993,
  "nLLP_InCavern": 3645,
  "nLLP_InCavern_weighted": 0.00021228797843999994,
  "nLLP_NotInATLAS": 309,
  "nLLP_NotInATLAS_weighted": 1.7996429447999997e-05,
  "nLLP_Geometry": 52,
  "nLLP_Geometry_weighted": 3.0285253440000008e-06,
  "nLLP_Tracker": 52,
  "nLLP_Tracker_weighted": 3.0285253440000008e-06,
  "nLLP_MET": 35,
  "nLLP_MET_weighted": 2.0384305200000004e-06,
  "nLLP_IsoJet": 31,
  "nLLP_IsoJet_weighted": 1.8054670319999997e-06,
  "nLLP_IsoCharged": 35,
  "nLLP_IsoCharged_weighted": 2.0384305200000004e-06,
  "nLLP_IsoAll": 31,
  "nLLP_IsoAll_weighted": 1.8054670319999997e-06,
  "nLLP_partners": 0,
  "nLLP_partners_weighted": 0.0
}