{
  "nLLP_original": 4000,
  "nLLP_original_weighted": 0.00021090346799999994,
  "nLLP_LLPdecay": 4000,
  "nLLP_LLPdecay_weighted": 0.00021090346799999994,
  "nLLP_InCavern": 3945,
  "nLLP_InCavern_weighted": 0.00020800354531499998,
  "nLLP_NotInATLAS": 24,
  "nLLP_NotInATLAS_weighted": 1.265420808e-06,
  "nLLP_Geometry": 1,
  "nLLP_Geometry_weighted": 5.2725867000000006e-08,
  "nLLP_Tracker": 1,
  "nLLP_Tracker_weighted": 5.2725867000000006e-08,
  "nLLP_MET": 1,
  "nLLP_MET_weighted": 5.2725867000000006e-08,
  "nLLP_IsoJet": 1,
  "nLLP_IsoJet_weighted": 5.2725867000000006e-08,
  "nLLP_IsoCharged": 1,
  "nLLP_IsoCharged_weighted": 5.2725867000000006e-08,
  "nLLP_IsoAll": 1,
  "nLLP_IsoAll_weighted": 5.2725867000000006e-08,
  "nLLP_partners": 0,
  "nLLP_partners_weighted": 0.0
}