{
  "nLLP_original": 4000,
  "nLLP_original_weighted": 0.0002586495680000001,
  "nLLP_LLPdecay": 4000,
  "nLLP_LLPdecay_weighted": 0.0002586495680000001,
  "nLLP_InCavern": 28,
  "nLLP_InCavern_weighted": 1.8105469760000002e-06,
  "nLLP_NotInATLAS": 15,
  "nLLP_NotInATLAS_weighted": 9.699358800000004e-07,
  "nLLP_Geometry": 4,
  "nLLP_Geometry_weighted": 2.586495680000001e-07,
  "nLLP_Tracker": 4,
  "nLLP_Tracker_weighted": 2.586495680000001e-07,
  "nLLP_MET": 3,
  "nLLP_MET_weighted": 1.9398717600000006e-07,
  "nLLP_IsoJet": 2,
  "nLLP_IsoJet_weighted": 1.2932478400000004e-07,
  "nLLP_IsoCharged": 3,
  "nLLP_IsoCharged_weighted": 1.9398717600000006e-07,
  "nLLP_IsoAll": 2,
  "nLLP_IsoAll_weighted": 1.2932478400000004e-07,
  "nLLP_partners": 0,
  "nLLP_partners_weighted": 0.0
}