{
  "nLLP_original": 4000,
  "nLLP_original_weighted": 0.00020989748400000006,
  "nLLP_LLPdecay": 4000,
  "nLLP_LLPdecay_weighted": 0.00020989748400000006,
  "nLLP_InCavern": 100,
  "nLLP_InCavern_weighted": 5.247437100000002e-06,
  "nLLP_NotInATLAS": 29,
  "nLLP_NotInATLAS_weighted": 1.5217567590000001e-06,
  "nLLP_Geometry": 6,
  "nLLP_Geometry_weighted": 3.14846226e-07,
  "nLLP_Tracker": 6,
  "nLLP_Tracker_weighted": 3.14846226e-07,
  "nLLP_MET": 1,
  "nLLP_MET_weighted": 5.2474371e-08,
  "nLLP_IsoJet": 1,
  "nLLP_IsoJet_weighted": 5.2474371e-08,
  "nLLP_IsoCharged": 1,
  "nLLP_IsoCharged_weighted": 5.2474371e-08,
  "nLLP_IsoAll": 1,
  "nLLP_IsoAll_weighted": 5.2474371e-08,
  "nLLP_partners": 0,
  "nLLP_partners_weighted": 0.0
}