{
  "nLLP_original": 4000,
  "nLLP_original_weighted": 0.0002586495680000001,
  "nLLP_LLPdecay": 4000,
  "nLLP_LLPdecay_weighted": 0.0002586495680000001,
  "nLLP_InCavern": 3797,
  "nLLP_InCavern_weighted": 0.00024552310242400015,
  "nLLP_NotInATLAS": 139,
  "nLLP_NotInATLAS_weighted": 8.988072488000006e-06,
  "nLLP_Geometry": 12,
  "nLLP_Geometry_weighted": 7.759487040000003e-07,
  "nLLP_Tracker": 12,
  "nLLP_Tracker_weighted": 7.759487040000003e-07,
  "nLLP_MET": 12,
  "nLLP_MET_weighted": 7.759487040000003e-07,
  "nLLP_IsoJet": 11,
  "nLLP_IsoJet_weighted": 7.112863120000003e-07,
  "nLLP_IsoCharged": 12,
  "nLLP_IsoCharged_weighted": 7.759487040000003e-07,
  "nLLP_IsoAll": 11,
  "nLLP_IsoAll_weighted": 7.112863120000003e-07,
  "nLLP_partners": 2,
  "nLLP_partners_weighted": 1.2932478400000004e-07
}