{
  "nLLP_original": 4000,
  "nLLP_original_weighted": 0.000209701564,
  "nLLP_LLPdecay": 4000,
  "nLLP_LLPdecay_weighted": 0.000209701564,
  "nLLP_InCavern": 2776,
  "nLLP_InCavern_weighted": 0.000145532885416,
  "nLLP_NotInATLAS": 396,
  "nLLP_NotInATLAS_weighted": 2.0760454836e-05,
  "nLLP_Geometry": 44,
  "nLLP_Geometry_weighted": 2.306717204e-06,
  "nLLP_Tracker": 44,
  "nLLP_Tracker_weighted": 2.306717204e-06,
  "nLLP_MET": 40,
  "nLLP_MET_weighted": 2.09701564e-06,
  "nLLP_IsoJet": 33,
  "nLLP_IsoJet_weighted": 1.7300379030000001e-06,
  "nLLP_IsoCharged": 40,
  "nLLP_IsoCharged_weighted": 2.09701564e-06,
  "nLLP_IsoAll": 33,
  "nLLP_IsoAll_weighted": 1.7300379030000001e-06,
  "nLLP_partners": 8,
  "nLLP_partners_weighted": 4.1940312800000003e-07
}