{
  "nLLP_original": 60,
  "nLLP_original_weighted": 3.2444392199999998e-06,
  "nLLP_LLPdecay": 60,
  "nLLP_LLPdecay_weighted": 3.2444392199999998e-06,
  "nLLP_InCavern": 44,
  "nLLP_InCavern_weighted": 2.3792554279999995e-06,
  "nLLP_NotInATLAS": 6,
  "nLLP_NotInATLAS_weighted": 3.2444392200000005e-07,
  "nLLP_Geometry": 2,
  "nLLP_Geometry_weighted": 1.0814797400000001e-07,
  "nLLP_Tracker": 2,
  "nLLP_Tracker_weighted": 1.0814797400000001e-07,
  "nLLP_MET": 2,
  "nLLP_MET_weighted": 1.0814797400000001e-07,
  "nLLP_IsoJet": 2,
  "nLLP_IsoJet_weighted": 1.0814797400000001e-07,
  "nLLP_IsoCharged": 2,
  "nLLP_IsoCharged_weighted": 1.0814797400000001e-07,
  "nLLP_IsoAll": 2,
  "nLLP_IsoAll_weighted": 1.0814797400000001e-07,
  "nLLP_partners": 0,
  "nLLP_partners_weighted": 0.0
}