{
  "nLLP_original": 3916,
  "nLLP_original_weighted": 0.000303659402244,
  "nLLP_LLPdecay": 3916,
  "nLLP_LLPdecay_weighted": 0.000303659402244,
  "nLLP_InCavern": 509,
  "nLLP_InCavern_weighted": 3.9469518831e-05,
  "nLLP_NotInATLAS": 196,
  "nLLP_NotInATLAS_weighted": 1.5198478763999998e-05,
  "nLLP_Geometry": 42,
  "nLLP_Geometry_weighted": 3.256816878e-06,
  "nLLP_Tracker": 42,
  "nLLP_Tracker_weighted": 3.256816878e-06,
  "nLLP_MET": 22,
  "nLLP_MET_weighted": 1.705951698e-06,
  "nLLP_IsoJet": 17,
  "nLLP_IsoJet_weighted": 1.318235403e-06,
  "nLLP_IsoCharged": 22,
  "nLLP_IsoCharged_weighted": 1.705951698e-06,
  "nLLP_IsoAll": 17,
  "nLLP_IsoAll_weighted": 1.318235403e-06,
  "nLLP_partners": 0,
  "nLLP_partners_weighted": 0.0
}