{
  "nLLP_original": 4000,
  "nLLP_original_weighted": 0.00021644936400000005,
  "nLLP_LLPdecay": 4000,
  "nLLP_LLPdecay_weighted": 0.00021644936400000005,
  "nLLP_InCavern": 3160,
  "nLLP_InCavern_weighted": 0.00017099499756000004,
  "nLLP_NotInATLAS": 633,
  "nLLP_NotInATLAS_weighted": 3.4253111853000006e-05,
  "nLLP_Geometry": 100,
  "nLLP_Geometry_weighted": 5.4112341e-06,
  "nLLP_Tracker": 100,
  "nLLP_Tracker_weighted": 5.4112341e-06,
  "nLLP_MET": 57,
  "nLLP_MET_weighted": 3.084403437e-06,
  "nLLP_IsoJet": 49,
  "nLLP_IsoJet_weighted": 2.651504709e-06,
  "nLLP_IsoCharged": 57,
  "nLLP_IsoCharged_weighted": 3.084403437e-06,
  "nLLP_IsoAll": 49,
  "nLLP_IsoAll_weighted": 2.651504709e-06,
  "nLLP_partners": 0,
  "nLLP_partners_weighted": 0.0
}