{
  "nLLP_original": 4000,
  "nLLP_original_weighted": 0.00020989748400000006,
  "nLLP_LLPdecay": 4000,
  "nLLP_LLPdecay_weighted": 0.00020989748400000006,
  "nLLP_InCavern": 694,
  "nLLP_InCavern_weighted": 3.6417213474000006e-05,
  "nLLP_NotInATLAS": 225,
  "nLLP_NotInATLAS_weighted": 1.1806733475000004e-05,
  "nLLP_Geometry": 31,
  "nLLP_Geometry_weighted": 1.6267055010000002e-06,
  "nLLP_Tracker": 31,
  "nLLP_Tracker_weighted": 1.6267055010000002e-06,
  "nLLP_MET": 16,
  "nLLP_MET_weighted": 8.39589936e-07,
  "nLLP_IsoJet": 12,
  "nLLP_IsoJet_weighted": 6.29692452e-07,
  "nLLP_IsoCharged": 16,
  "nLLP_IsoCharged_weighted": 8.39589936e-07,
  "nLLP_IsoAll": 12,
  "nLLP_IsoAll_weighted": 6.29692452e-07,
  "nLLP_partners": 0,
  "nLLP_partners_weighted": 0.0
}