{
  "nLLP_original": 2798,
  "nLLP_original_weighted": 0.00021728316959800003,
  "nLLP_LLPdecay": 2798,
  "nLLP_LLPdecay_weighted": 0.00021728316959800003,
  "nLLP_InCavern": 55,
  "nLLP_InCavern_weighted": 4.271113054999999e-06,
  "nLLP_NotInATLAS": 30,
  "nLLP_NotInATLAS_weighted": 2.3296980300000006e-06,
  "nLLP_Geometry": 6,
  "nLLP_Geometry_weighted": 4.6593960600000006e-07,
  "nLLP_Tracker": 6,
  "nLLP_Tracker_weighted": 4.6593960600000006e-07,
  "nLLP_MET": 1,
  "nLLP_MET_weighted": 7.7656601e-08,
  "nLLP_IsoJet": 0,
  "nLLP_IsoJet_weighted": 0.0,
  "nLLP_IsoCharged": 1,
  "nLLP_IsoCharged_weighted": 7.7656601e-08,
  "nLLP_IsoAll": 0,
  "nLLP_IsoAll_weighted": 0.0,
  "nLLP_partners": 0,
  "nLLP_partners_weighted": 0.0
}