{
  "nLLP_original": 4000,
  "nLLP_original_weighted": 0.0002325422280000001,
  "nLLP_LLPdecay": 4000,
  "nLLP_LLPdecay_weighted": 0.0002325422280000001,
  "nLLP_InCavern": 216,
  "nLLP_InCavern_weighted": 1.2557280312000003e-05,
  "nLLP_NotInATLAS": 97,
  "nLLP_NotInATLAS_weighted": 5.639149029000001e-06,
  "nLLP_Geometry": 29,
  "nLLP_Geometry_weighted": 1.6859311530000005e-06,
  "nLLP_Tracker": 29,
  "nLLP_Tracker_weighted": 1.6859311530000005e-06,
  "nLLP_MET": 20,
  "nLLP_MET_weighted": 1.1627111400000003e-06,
  "nLLP_IsoJet": 16,
  "nLLP_IsoJet_weighted": 9.301689120000001e-07,
  "nLLP_IsoCharged": 20,
  "nLLP_IsoCharged_weighted": 1.1627111400000003e-06,
  "nLLP_IsoAll": 16,
  "nLLP_IsoAll_weighted": 9.301689120000001e-07,
  "nLLP_partners": 0,
  "nLLP_partners_weighted": 0.0
}