{
  "nLLP_original": 4000,
  "nLLP_original_weighted": 0.00025910896000000004,
  "nLLP_LLPdecay": 4000,
  "nLLP_LLPdecay_weighted": 0.00025910896000000004,
  "nLLP_InCavern": 1923,
  "nLLP_InCavern_weighted": 0.00012456663252000003,
  "nLLP_NotInATLAS": 688,
  "nLLP_NotInATLAS_weighted": 4.456674112000001e-05,
  "nLLP_Geometry": 146,
  "nLLP_Geometry_weighted": 9.457477040000002e-06,
  "nLLP_Tracker": 146,
  "nLLP_Tracker_weighted": 9.457477040000002e-06,
  "nLLP_MET": 93,
  "nLLP_MET_weighted": 6.024283320000002e-06,
  "nLLP_IsoJet": 74,
  "nLLP_IsoJet_weighted": 4.793515760000001e-06,
  "nLLP_IsoCharged": 93,
  "nLLP_IsoCharged_weighted": 6.024283320000002e-06,
  "nLLP_IsoAll": 74,
  "nLLP_IsoAll_weighted": 4.793515760000001e-06,
  "nLLP_partners": 4,
  "nLLP_partners_weighted": 2.5910896e-07
}