{
  "nLLP_original": 3864,
  "nLLP_original_weighted": 0.00022437320640000005,
  "nLLP_LLPdecay": 3864,
  "nLLP_LLPdecay_weighted": 0.00022437320640000005,
  "nLLP_InCavern": 1336,
  "nLLP_InCavern_weighted": 7.757831360000001e-05,
  "nLLP_NotInATLAS": 522,
  "nLLP_NotInATLAS_weighted": 3.0311287200000003e-05,
  "nLLP_Geometry": 114,
  "nLLP_Geometry_weighted": 6.619706400000001e-06,
  "nLLP_Tracker": 114,
  "nLLP_Tracker_weighted": 6.619706400000001e-06,
  "nLLP_MET": 69,
  "nLLP_MET_weighted": 4.0066644e-06,
  "nLLP_IsoJet": 50,
  "nLLP_IsoJet_weighted": 2.9033800000000003e-06,
  "nLLP_IsoCharged": 69,
  "nLLP_IsoCharged_weighted": 4.0066644e-06,
  "nLLP_IsoAll": 50,
  "nLLP_IsoAll_weighted": 2.9033800000000003e-06,
  "nLLP_partners": 0,
  "nLLP_partners_weighted": 0.0
}