{
  "nLLP_original": 3146,
  "nLLP_original_weighted": 0.00022931977354000006,
  "nLLP_LLPdecay": 3146,
  "nLLP_LLPdecay_weighted": 0.00022931977354000006,
  "nLLP_InCavern": 3043,
  "nLLP_InCavern_weighted": 0.00022181184707000006,
  "nLLP_NotInATLAS": 67,
  "nLLP_NotInATLAS_weighted": 4.883796830000001e-06,
  "nLLP_Geometry": 3,
  "nLLP_Geometry_weighted": 2.1867747000000003e-07,
  "nLLP_Tracker": 3,
  "nLLP_Tracker_weighted": 2.1867747000000003e-07,
  "nLLP_MET": 2,
  "nLLP_MET_weighted": 1.4578498e-07,
  "nLLP_IsoJet": 1,
  "nLLP_IsoJet_weighted": 7.289249e-08,
  "nLLP_IsoCharged": 2,
  "nLLP_IsoCharged_weighted": 1.4578498e-07,
  "nLLP_IsoAll": 1,
  "nLLP_IsoAll_weighted": 7.289249e-08,
  "nLLP_partners": 0,
  "nLLP_partners_weighted": 0.0
}