{
  "nLLP_original": 4000,
  "nLLP_original_weighted": 0.000309891092,
  "nLLP_LLPdecay": 4000,
  "nLLP_LLPdecay_weighted": 0.000309891092,
  "nLLP_InCavern": 2531,
  "nLLP_InCavern_weighted": 0.000196083588463,
  "nLLP_NotInATLAS": 548,
  "nLLP_NotInATLAS_weighted": 4.2455079604000006e-05,
  "nLLP_Geometry": 84,
  "nLLP_Geometry_weighted": 6.507712932e-06,
  "nLLP_Tracker": 84,
  "nLLP_Tracker_weighted": 6.507712932e-06,
  "nLLP_MET": 55,
  "nLLP_MET_weighted": 4.261002515e-06,
  "nLLP_IsoJet": 47,
  "nLLP_IsoJet_weighted": 3.6412203309999997e-06,
  "nLLP_IsoCharged": 55,
  "nLLP_IsoCharged_weighted": 4.261002515e-06,
  "nLLP_IsoAll": 47,
  "nLLP_IsoAll_weighted": 3.6412203309999997e-06,
  "nLLP_partners": 2,
  "nLLP_partners_weighted": 1.54945546e-07
}