{
  "nLLP_original": 3360,
  "nLLP_original_weighted": 0.00026008470768,
  "nLLP_LLPdecay": 3360,
  "nLLP_LLPdecay_weighted": 0.00026008470768,
  "nLLP_InCavern": 2177,
  "nLLP_InCavern_weighted": 0.000168513216851,
  "nLLP_NotInATLAS": 486,
  "nLLP_NotInATLAS_weighted": 3.761939521799999e-05,
  "nLLP_Geometry": 71,
  "nLLP_Geometry_weighted": 5.495837572999999e-06,
  "nLLP_Tracker": 71,
  "nLLP_Tracker_weighted": 5.495837572999999e-06,
  "nLLP_MET": 55,
  "nLLP_MET_weighted": 4.257338965e-06,
  "nLLP_IsoJet": 47,
  "nLLP_IsoJet_weighted": 3.638089660999999e-06,
  "nLLP_IsoCharged": 55,
  "nLLP_IsoCharged_weighted": 4.257338965e-06,
  "nLLP_IsoAll": 47,
  "nLLP_IsoAll_weighted": 3.638089660999999e-06,
  "nLLP_partners": 2,
  "nLLP_partners_weighted": 1.54812326e-07
}