{
  "nLLP_original": 4000,
  "nLLP_original_weighted": 0.00023296348799999993,
  "nLLP_LLPdecay": 4000,
  "nLLP_LLPdecay_weighted": 0.00023296348799999993,
  "nLLP_InCavern": 3630,
  "nLLP_InCavern_weighted": 0.00021141436535999995,
  "nLLP_NotInATLAS": 278,
  "nLLP_NotInATLAS_weighted": 1.6190962416000002e-05,
  "nLLP_Geometry": 42,
  "nLLP_Geometry_weighted": 2.4461166240000003e-06,
  "nLLP_Tracker": 42,
  "nLLP_Tracker_weighted": 2.4461166240000003e-06,
  "nLLP_MET": 30,
  "nLLP_MET_weighted": 1.7472261599999998e-06,
  "nLLP_IsoJet": 27,
  "nLLP_IsoJet_weighted": 1.572503544e-06,
  "nLLP_IsoCharged": 30,
  "nLLP_IsoCharged_weighted": 1.7472261599999998e-06,
  "nLLP_IsoAll": 27,
  "nLLP_IsoAll_weighted": 1.572503544e-06,
  "nLLP_partners": 0,
  "nLLP_partners_weighted": 0.0
}