{
  "nLLP_original": 4000,
  "nLLP_original_weighted": 0.00021027361599999995,
  "nLLP_LLPdecay": 4000,
  "nLLP_LLPdecay_weighted": 0.00021027361599999995,
  "nLLP_InCavern": 80,
  "nLLP_InCavern_weighted": 4.205472319999999e-06,
  "nLLP_NotInATLAS": 31,
  "nLLP_NotInATLAS_weighted": 1.6296205240000008e-06,
  "nLLP_Geometry": 2,
  "nLLP_Geometry_weighted": 1.0513680800000002e-07,
  "nLLP_Tracker": 2,
  "nLLP_Tracker_weighted": 1.0513680800000002e-07,
  "nLLP_MET": 2,
  "nLLP_MET_weighted": 1.0513680800000002e-07,
  "nLLP_IsoJet": 2,
  "nLLP_IsoJet_weighted": 1.0513680800000002e-07,
  "nLLP_IsoCharged": 2,
  "nLLP_IsoCharged_weighted": 1.0513680800000002e-07,
  "nLLP_IsoAll": 2,
  "nLLP_IsoAll_weighted": 1.0513680800000002e-07,
  "nLLP_partners": 2,
  "nLLP_partners_weighted": 1.0513680800000002e-07
}