{
  "nLLP_original": 2484,
  "nLLP_original_weighted": 0.00019227690889199998,
  "nLLP_LLPdecay": 2484,
  "nLLP_LLPdecay_weighted": 0.00019227690889199998,
  "nLLP_InCavern": 340,
  "nLLP_InCavern_weighted": 2.631809542e-05,
  "nLLP_NotInATLAS": 147,
  "nLLP_NotInATLAS_weighted": 1.1378705960999999e-05,
  "nLLP_Geometry": 32,
  "nLLP_Geometry_weighted": 2.476997216e-06,
  "nLLP_Tracker": 32,
  "nLLP_Tracker_weighted": 2.476997216e-06,
  "nLLP_MET": 18,
  "nLLP_MET_weighted": 1.3933109339999997e-06,
  "nLLP_IsoJet": 14,
  "nLLP_IsoJet_weighted": 1.0836862819999999e-06,
  "nLLP_IsoCharged": 18,
  "nLLP_IsoCharged_weighted": 1.3933109339999997e-06,
  "nLLP_IsoAll": 14,
  "nLLP_IsoAll_weighted": 1.0836862819999999e-06,
  "nLLP_partners": 0,
  "nLLP_partners_weighted": 0.0
}