{
  "nLLP_original": 4000,
  "nLLP_original_weighted": 0.00021027361599999995,
  "nLLP_LLPdecay": 4000,
  "nLLP_LLPdecay_weighted": 0.00021027361599999995,
  "nLLP_InCavern": 730,
  "nLLP_InCavern_weighted": 3.837493491999999e-05,
  "nLLP_NotInATLAS": 263,
  "nLLP_NotInATLAS_weighted": 1.3825490251999997e-05,
  "nLLP_Geometry": 39,
  "nLLP_Geometry_weighted": 2.0501677560000002e-06,
  "nLLP_Tracker": 39,
  "nLLP_Tracker_weighted": 2.0501677560000002e-06,
  "nLLP_MET": 20,
  "nLLP_MET_weighted": 1.0513680800000003e-06,
  "nLLP_IsoJet": 18,
  "nLLP_IsoJet_weighted": 9.462312720000001e-07,
  "nLLP_IsoCharged": 20,
  "nLLP_IsoCharged_weighted": 1.0513680800000003e-06,
  "nLLP_IsoAll": 18,
  "nLLP_IsoAll_weighted": 9.462312720000001e-07,
  "nLLP_partners": 0,
  "nLLP_partners_weighted": 0.0
}