{
  "nLLP_original": 4000,
  "nLLP_original_weighted": 0.00025918148000000007,
  "nLLP_LLPdecay": 4000,
  "nLLP_LLPdecay_weighted": 0.00025918148000000007,
  "nLLP_InCavern": 1880,
  "nLLP_InCavern_weighted": 0.00012181529560000002,
  "nLLP_NotInATLAS": 634,
  "nLLP_NotInATLAS_weighted": 4.1080264580000005e-05,
  "nLLP_Geometry": 129,
  "nLLP_Geometry_weighted": 8.35860273e-06,
  "nLLP_Tracker": 129,
  "nLLP_Tracker_weighted": 8.35860273e-06,
  "nLLP_MET": 66,
  "nLLP_MET_weighted": 4.276494419999999e-06,
  "nLLP_IsoJet": 53,
  "nLLP_IsoJet_weighted": 3.4341546100000004e-06,
  "nLLP_IsoCharged": 66,
  "nLLP_IsoCharged_weighted": 4.276494419999999e-06,
  "nLLP_IsoAll": 53,
  "nLLP_IsoAll_weighted": 3.4341546100000004e-06,
  "nLLP_partners": 0,
  "nLLP_partners_weighted": 0.0
}