{
  "nLLP_original": 3724,
  "nLLP_original_weighted": 0.00011585674953999996,
  "nLLP_LLPdecay": 3724,
  "nLLP_LLPdecay_weighted": 0.00011585674953999996,
  "nLLP_InCavern": 2936,
  "nLLP_InCavern_weighted": 9.134141155999998e-05,
  "nLLP_NotInATLAS": 539,
  "nLLP_NotInATLAS_weighted": 1.6768740064999997e-05,
  "nLLP_Geometry": 98,
  "nLLP_Geometry_weighted": 3.048861829999999e-06,
  "nLLP_Tracker": 13,
  "nLLP_Tracker_weighted": 4.0444085499999986e-07,
  "nLLP_MET": 9,
  "nLLP_MET_weighted": 2.7999751499999995e-07,
  "nLLP_IsoJet": 7,
  "nLLP_IsoJet_weighted": 2.17775845e-07,
  "nLLP_IsoCharged": 9,
  "nLLP_IsoCharged_weighted": 2.7999751499999995e-07,
  "nLLP_IsoAll": 7,
  "nLLP_IsoAll_weighted": 2.17775845e-07,
  "nLLP_partners": 0,
  "nLLP_partners_weighted": 0.0
}