{
  "nLLP_original": 4000,
  "nLLP_original_weighted": 0.00023296348799999993,
  "nLLP_LLPdecay": 4000,
  "nLLP_LLPdecay_weighted": 0.00023296348799999993,
  "nLLP_InCavern": 204,
  "nLLP_InCavern_weighted": 1.1881137887999997e-05,
  "nLLP_NotInATLAS": 105,
  "nLLP_NotInATLAS_weighted": 6.115291559999999e-06,
  "nLLP_Geometry": 19,
  "nLLP_Geometry_weighted": 1.106576568e-06,
  "nLLP_Tracker": 19,
  "nLLP_Tracker_weighted": 1.106576568e-06,
  "nLLP_MET": 13,
  "nLLP_MET_weighted": 7.571313359999999e-07,
  "nLLP_IsoJet": 9,
  "nLLP_IsoJet_weighted": 5.24167848e-07,
  "nLLP_IsoCharged": 13,
  "nLLP_IsoCharged_weighted": 7.571313359999999e-07,
  "nLLP_IsoAll": 9,
  "nLLP_IsoAll_weighted": 5.24167848e-07,
  "nLLP_partners": 0,
  "nLLP_partners_weighted": 0.0
}