{
  "nLLP_original": 4000,
  "nLLP_original_weighted": 0.0002325422280000001,
  "nLLP_LLPdecay": 4000,
  "nLLP_LLPdecay_weighted": 0.0002325422280000001,
  "nLLP_InCavern": 21,
  "nLLP_InCavern_weighted": 1.2208466970000003e-06,
  "nLLP_NotInATLAS": 11,
  "nLLP_NotInATLAS_weighted": 6.394911270000002e-07,
  "nLLP_Geometry": 4,
  "nLLP_Geometry_weighted": 2.3254222800000003e-07,
  "nLLP_Tracker": 4,
  "nLLP_Tracker_weighted": 2.3254222800000003e-07,
  "nLLP_MET": 3,
  "nLLP_MET_weighted": 1.7440667100000003e-07,
  "nLLP_IsoJet": 3,
  "nLLP_IsoJet_weighted": 1.7440667100000003e-07,
  "nLLP_IsoCharged": 3,
  "nLLP_IsoCharged_weighted": 1.7440667100000003e-07,
  "nLLP_IsoAll": 3,
  "nLLP_IsoAll_weighted": 1.7440667100000003e-07,
  "nLLP_partners": 0,
  "nLLP_partners_weighted": 0.0
}