{
  "nLLP_original": 4000,
  "nLLP_original_weighted": 0.000209701564,
  "nLLP_LLPdecay": 4000,
  "nLLP_LLPdecay_weighted": 0.000209701564,
  "nLLP_InCavern": 1,
  "nLLP_InCavern_weighted": 5.2425391000000003e-08,
  "nLLP_NotInATLAS": 1,
  "nLLP_NotInATLAS_weighted": 5.2425391000000003e-08,
  "nLLP_Geometry": 1,
  "nLLP_Geometry_weighted": 5.2425391000000003e-08,
  "nLLP_Tracker": 1,
  "nLLP_Tracker_weighted": 5.2425391000000003e-08,
  "nLLP_MET": 1,
  "nLLP_MET_weighted": 5.2425391000000003e-08,
  "nLLP_IsoJet": 1,
  "nLLP_IsoJet_weighted": 5.2425391000000003e-08,
  "nLLP_IsoCharged": 1,
  "nLLP_IsoCharged_weighted": 5.2425391000000003e-08,
  "nLLP_IsoAll": 1,
  "nLLP_IsoAll_weighted": 5.2425391000000003e-08,
  "nLLP_partners": 0,
  "nLLP_partners_weighted": 0.0
}