{
  "nLLP_original": 4000,
  "nLLP_original_weighted": 0.00021626378399999994,
  "nLLP_LLPdecay": 4000,
  "nLLP_LLPdecay_weighted": 0.00021626378399999994,
  "nLLP_InCavern": 849,
  "nLLP_InCavern_weighted": 4.590198815399999e-05,
  "nLLP_NotInATLAS": 395,
  "nLLP_NotInATLAS_weighted": 2.1356048669999997e-05,
  "nLLP_Geometry": 78,
  "nLLP_Geometry_weighted": 4.217143788e-06,
  "nLLP_Tracker": 78,
  "nLLP_Tracker_weighted": 4.217143788e-06,
  "nLLP_MET": 42,
  "nLLP_MET_weighted": 2.270769732e-06,
  "nLLP_IsoJet": 33,
  "nLLP_IsoJet_weighted": 1.784176218e-06,
  "nLLP_IsoCharged": 42,
  "nLLP_IsoCharged_weighted": 2.270769732e-06,
  "nLLP_IsoAll": 33,
  "nLLP_IsoAll_weighted": 1.784176218e-06,
  "nLLP_partners": 0,
  "nLLP_partners_weighted": 0.0
}