{
  "nLLP_original": 4000,
  "nLLP_original_weighted": 0.00029158990800000003,
  "nLLP_LLPdecay": 4000,
  "nLLP_LLPdecay_weighted": 0.00029158990800000003,
  "nLLP_InCavern": 3890,
  "nLLP_InCavern_weighted": 0.00028357118553000004,
  "nLLP_NotInATLAS": 76,
  "nLLP_NotInATLAS_weighted": 5.540208252000001e-06,
  "nLLP_Geometry": 2,
  "nLLP_Geometry_weighted": 1.4579495400000003e-07,
  "nLLP_Tracker": 2,
  "nLLP_Tracker_weighted": 1.4579495400000003e-07,
  "nLLP_MET": 2,
  "nLLP_MET_weighted": 1.4579495400000003e-07,
  "nLLP_IsoJet": 2,
  "nLLP_IsoJet_weighted": 1.4579495400000003e-07,
  "nLLP_IsoCharged": 2,
  "nLLP_IsoCharged_weighted": 1.4579495400000003e-07,
  "nLLP_IsoAll": 2,
  "nLLP_IsoAll_weighted": 1.4579495400000003e-07,
  "nLLP_partners": 0,
  "nLLP_partners_weighted": 0.0
}