{
  "nLLP_original": 4000,
  "nLLP_original_weighted": 0.00023294102400000006,
  "nLLP_LLPdecay": 4000,
  "nLLP_LLPdecay_weighted": 0.00023294102400000006,
  "nLLP_InCavern": 25,
  "nLLP_InCavern_weighted": 1.4558814e-06,
  "nLLP_NotInATLAS": 15,
  "nLLP_NotInATLAS_weighted": 8.735288400000002e-07,
  "nLLP_Geometry": 4,
  "nLLP_Geometry_weighted": 2.3294102400000003e-07,
  "nLLP_Tracker": 4,
  "nLLP_Tracker_weighted": 2.3294102400000003e-07,
  "nLLP_MET": 2,
  "nLLP_MET_weighted": 1.1647051200000001e-07,
  "nLLP_IsoJet": 2,
  "nLLP_IsoJet_weighted": 1.1647051200000001e-07,
  "nLLP_IsoCharged": 2,
  "nLLP_IsoCharged_weighted": 1.1647051200000001e-07,
  "nLLP_IsoAll": 2,
  "nLLP_IsoAll_weighted": 1.1647051200000001e-07,
  "nLLP_partners": 0,
  "nLLP_partners_weighted": 0.0
}