{
  "nLLP_original": 4000,
  "nLLP_original_weighted": 0.00020989748400000006,
  "nLLP_LLPdecay": 4000,
  "nLLP_LLPdecay_weighted": 0.00020989748400000006,
  "nLLP_InCavern": 84,
  "nLLP_InCavern_weighted": 4.407847164000002e-06,
  "nLLP_NotInATLAS": 29,
  "nLLP_NotInATLAS_weighted": 1.5217567590000001e-06,
  "nLLP_Geometry": 2,
  "nLLP_Geometry_weighted": 1.04948742e-07,
  "nLLP_Tracker": 2,
  "nLLP_Tracker_weighted": 1.04948742e-07,
  "nLLP_MET": 2,
  "nLLP_MET_weighted": 1.04948742e-07,
  "nLLP_IsoJet": 2,
  "nLLP_IsoJet_weighted": 1.04948742e-07,
  "nLLP_IsoCharged": 2,
  "nLLP_IsoCharged_weighted": 1.04948742e-07,
  "nLLP_IsoAll": 2,
  "nLLP_IsoAll_weighted": 1.04948742e-07,
  "nLLP_partners": 0,
  "nLLP_partners_weighted": 0.0
}