{
  "nLLP_original": 4000,
  "nLLP_original_weighted": 0.00025962491999999987,
  "nLLP_LLPdecay": 4000,
  "nLLP_LLPdecay_weighted": 0.00025962491999999987,
  "nLLP_InCavern": 3779,
  "nLLP_InCavern_weighted": 0.0002452806431699999,
  "nLLP_NotInATLAS": 149,
  "nLLP_NotInATLAS_weighted": 9.671028269999998e-06,
  "nLLP_Geometry": 17,
  "nLLP_Geometry_weighted": 1.10340591e-06,
  "nLLP_Tracker": 17,
  "nLLP_Tracker_weighted": 1.10340591e-06,
  "nLLP_MET": 11,
  "nLLP_MET_weighted": 7.139685299999998e-07,
  "nLLP_IsoJet": 9,
  "nLLP_IsoJet_weighted": 5.841560699999999e-07,
  "nLLP_IsoCharged": 11,
  "nLLP_IsoCharged_weighted": 7.139685299999998e-07,
  "nLLP_IsoAll": 9,
  "nLLP_IsoAll_weighted": 5.841560699999999e-07,
  "nLLP_partners": 0,
  "nLLP_partners_weighted": 0.0
}