{
  "nLLP_original": 4000,
  "nLLP_original_weighted": 0.00021090346799999994,
  "nLLP_LLPdecay": 4000,
  "nLLP_LLPdecay_weighted": 0.00021090346799999994,
  "nLLP_InCavern": 3,
  "nLLP_InCavern_weighted": 1.58177601e-07,
  "nLLP_NotInATLAS": 2,
  "nLLP_NotInATLAS_weighted": 1.0545173400000001e-07,
  "nLLP_Geometry": 1,
  "nLLP_Geometry_weighted": 5.2725867000000006e-08,
  "nLLP_Tracker": 1,
  "nLLP_Tracker_weighted": 5.2725867000000006e-08,
  "nLLP_MET": 1,
  "nLLP_MET_weighted": 5.2725867000000006e-08,
  "nLLP_IsoJet": 0,
  "nLLP_IsoJet_weighted": 0.0,
  "nLLP_IsoCharged": 1,
  "nLLP_IsoCharged_weighted": 5.2725867000000006e-08,
  "nLLP_IsoAll": 0,
  "nLLP_IsoAll_weighted": 0.0,
  "nLLP_partners": 0,
  "nLLP_partners_weighted": 0.0
}