{
  "nLLP_original": 4000,
  "nLLP_original_weighted": 0.00020989748400000006,
  "nLLP_LLPdecay": 4000,
  "nLLP_LLPdecay_weighted": 0.00020989748400000006,
  "nLLP_InCavern": 702,
  "nLLP_InCavern_weighted": 3.683700844200001e-05,
  "nLLP_NotInATLAS": 236,
  "nLLP_NotInATLAS_weighted": 1.2383951556000004e-05,
  "nLLP_Geometry": 38,
  "nLLP_Geometry_weighted": 1.994026098e-06,
  "nLLP_Tracker": 38,
  "nLLP_Tracker_weighted": 1.994026098e-06,
  "nLLP_MET": 24,
  "nLLP_MET_weighted": 1.259384904e-06,
  "nLLP_IsoJet": 17,
  "nLLP_IsoJet_weighted": 8.92064307e-07,
  "nLLP_IsoCharged": 24,
  "nLLP_IsoCharged_weighted": 1.259384904e-06,
  "nLLP_IsoAll": 17,
  "nLLP_IsoAll_weighted": 8.92064307e-07,
  "nLLP_partners": 0,
  "nLLP_partners_weighted": 0.0
}