{
  "nLLP_original": 2974,
  "nLLP_original_weighted": 0.00015680672845799998,
  "nLLP_LLPdecay": 2974,
  "nLLP_LLPdecay_weighted": 0.00015680672845799998,
  "nLLP_InCavern": 528,
  "nLLP_InCavern_weighted": 2.7839257775999997e-05,
  "nLLP_NotInATLAS": 176,
  "nLLP_NotInATLAS_weighted": 9.279752592e-06,
  "nLLP_Geometry": 24,
  "nLLP_Geometry_weighted": 1.265420808e-06,
  "nLLP_Tracker": 24,
  "nLLP_Tracker_weighted": 1.265420808e-06,
  "nLLP_MET": 17,
  "nLLP_MET_weighted": 8.96339739e-07,
  "nLLP_IsoJet": 12,
  "nLLP_IsoJet_weighted": 6.327104039999999e-07,
  "nLLP_IsoCharged": 17,
  "nLLP_IsoCharged_weighted": 8.96339739e-07,
  "nLLP_IsoAll": 12,
  "nLLP_IsoAll_weighted": 6.327104039999999e-07,
  "nLLP_partners": 0,
  "nLLP_partners_weighted": 0.0
}