{
  "nLLP_original": 4000,
  "nLLP_original_weighted": 0.00029156996000000005,
  "nLLP_LLPdecay": 4000,
  "nLLP_LLPdecay_weighted": 0.00029156996000000005,
  "nLLP_InCavern": 50,
  "nLLP_InCavern_weighted": 3.6446244999999997e-06,
  "nLLP_NotInATLAS": 21,
  "nLLP_NotInATLAS_weighted": 1.5307422900000003e-06,
  "nLLP_Geometry": 4,
  "nLLP_Geometry_weighted": 2.9156996e-07,
  "nLLP_Tracker": 4,
  "nLLP_Tracker_weighted": 2.9156996e-07,
  "nLLP_MET": 3,
  "nLLP_MET_weighted": 2.1867747000000003e-07,
  "nLLP_IsoJet": 2,
  "nLLP_IsoJet_weighted": 1.4578498e-07,
  "nLLP_IsoCharged": 3,
  "nLLP_IsoCharged_weighted": 2.1867747000000003e-07,
  "nLLP_IsoAll": 2,
  "nLLP_IsoAll_weighted": 1.4578498e-07,
  "nLLP_partners": 0,
  "nLLP_partners_weighted": 0.0
}