{
  "nLLP_original": 4000,
  "nLLP_original_weighted": 0.0003112915679999999,
  "nLLP_LLPdecay": 4000,
  "nLLP_LLPdecay_weighted": 0.0003112915679999999,
  "nLLP_InCavern": 2576,
  "nLLP_InCavern_weighted": 0.00020047176979199997,
  "nLLP_NotInATLAS": 557,
  "nLLP_NotInATLAS_weighted": 4.3347350844e-05,
  "nLLP_Geometry": 89,
  "nLLP_Geometry_weighted": 6.926237387999999e-06,
  "nLLP_Tracker": 89,
  "nLLP_Tracker_weighted": 6.926237387999999e-06,
  "nLLP_MET": 60,
  "nLLP_MET_weighted": 4.66937352e-06,
  "nLLP_IsoJet": 47,
  "nLLP_IsoJet_weighted": 3.6576759239999996e-06,
  "nLLP_IsoCharged": 60,
  "nLLP_IsoCharged_weighted": 4.66937352e-06,
  "nLLP_IsoAll": 47,
  "nLLP_IsoAll_weighted": 3.6576759239999996e-06,
  "nLLP_partners": 8,
  "nLLP_partners_weighted": 6.22583136e-07
}