{
  "nLLP_original": 3562,
  "nLLP_original_weighted": 0.000110735256528,
  "nLLP_LLPdecay": 3562,
  "nLLP_LLPdecay_weighted": 0.000110735256528,
  "nLLP_InCavern": 751,
  "nLLP_InCavern_weighted": 2.3347045944e-05,
  "nLLP_NotInATLAS": 318,
  "nLLP_NotInATLAS_weighted": 9.885966192000001e-06,
  "nLLP_Geometry": 73,
  "nLLP_Geometry_weighted": 2.269419912e-06,
  "nLLP_Tracker": 14,
  "nLLP_Tracker_weighted": 4.3523121600000003e-07,
  "nLLP_MET": 7,
  "nLLP_MET_weighted": 2.1761560800000002e-07,
  "nLLP_IsoJet": 5,
  "nLLP_IsoJet_weighted": 1.5543972e-07,
  "nLLP_IsoCharged": 7,
  "nLLP_IsoCharged_weighted": 2.1761560800000002e-07,
  "nLLP_IsoAll": 5,
  "nLLP_IsoAll_weighted": 1.5543972e-07,
  "nLLP_partners": 0,
  "nLLP_partners_weighted": 0.0
}