{
  "nLLP_original": 2798,
  "nLLP_original_weighted": 0.00015140633011800003,
  "nLLP_LLPdecay": 2798,
  "nLLP_LLPdecay_weighted": 0.00015140633011800003,
  "nLLP_InCavern": 91,
  "nLLP_InCavern_weighted": 4.9242230310000004e-06,
  "nLLP_NotInATLAS": 52,
  "nLLP_NotInATLAS_weighted": 2.8138417319999994e-06,
  "nLLP_Geometry": 13,
  "nLLP_Geometry_weighted": 7.034604330000001e-07,
  "nLLP_Tracker": 13,
  "nLLP_Tracker_weighted": 7.034604330000001e-07,
  "nLLP_MET": 5,
  "nLLP_MET_weighted": 2.70561705e-07,
  "nLLP_IsoJet": 4,
  "nLLP_IsoJet_weighted": 2.16449364e-07,
  "nLLP_IsoCharged": 5,
  "nLLP_IsoCharged_weighted": 2.70561705e-07,
  "nLLP_IsoAll": 4,
  "nLLP_IsoAll_weighted": 2.16449364e-07,
  "nLLP_partners": 0,
  "nLLP_partners_weighted": 0.0
}