{
  "nLLP_original": 3522,
  "nLLP_original_weighted": 0.00010957236086999997,
  "nLLP_LLPdecay": 3522,
  "nLLP_LLPdecay_weighted": 0.00010957236086999997,
  "nLLP_InCavern": 740,
  "nLLP_InCavern_weighted": 2.3022017899999995e-05,
  "nLLP_NotInATLAS": 347,
  "nLLP_NotInATLAS_weighted": 1.0795459744999997e-05,
  "nLLP_Geometry": 79,
  "nLLP_Geometry_weighted": 2.457755965e-06,
  "nLLP_Tracker": 13,
  "nLLP_Tracker_weighted": 4.0444085499999986e-07,
  "nLLP_MET": 7,
  "nLLP_MET_weighted": 2.17775845e-07,
  "nLLP_IsoJet": 4,
  "nLLP_IsoJet_weighted": 1.2444334e-07,
  "nLLP_IsoCharged": 7,
  "nLLP_IsoCharged_weighted": 2.17775845e-07,
  "nLLP_IsoAll": 4,
  "nLLP_IsoAll_weighted": 1.2444334e-07,
  "nLLP_partners": 0,
  "nLLP_partners_weighted": 0.0
}